geo country;time;powertrain;new vehicle registrations
Norway;1970;BEV;0
Norway;1971;BEV;0
Norway;1972;BEV;0
Norway;1973;BEV;0
Norway;1974;BEV;0
Norway;1975;BEV;0
Norway;1976;BEV;0
Norway;1977;BEV;0
Norway;1978;BEV;0
Norway;1979;BEV;0
Norway;1980;BEV;0
Norway;1981;BEV;0
Norway;1982;BEV;0
Norway;1983;BEV;0
Norway;1984;BEV;0
Norway;1985;BEV;0
Norway;1986;BEV;0
Norway;1987;BEV;0
Norway;1988;BEV;0
Norway;1989;BEV;0
Norway;1990;BEV;0
Norway;1991;BEV;0
Norway;1992;BEV;0
Norway;1993;BEV;0
Norway;1994;BEV;0
Norway;1995;BEV;7
Norway;1996;BEV;48
Norway;1997;BEV;26
Norway;1998;BEV;40
Norway;1999;BEV;85
Norway;2000;BEV;198
Norway;2001;BEV;151
Norway;2002;BEV;220
Norway;2003;BEV;100
Norway;2004;BEV;73
Norway;2005;BEV;31
Norway;2006;BEV;17
Norway;2007;BEV;16
Norway;2008;BEV;178
Norway;2009;BEV;119
Norway;2010;BEV;357
Norway;2011;BEV;2010
Norway;2012;BEV;3938
Norway;2013;BEV;7888
Norway;2014;BEV;18089
Norway;2015;BEV;25783
Norway;2016;BEV;24234
Norway;2017;BEV;33073
Norway;2018;BEV;46129
Norway;2019;BEV;60246
Norway;2020;BEV;76791
Norway;2021;BEV;113715
Norway;2022;BEV;138283
Norway;2023;BEV;104576
Norway;2024;BEV;114377
Norway;2025;BEV;172217
Norway;2019;CNG;16
Norway;2020;CNG;5
Norway;2021;CNG;0
Norway;2022;CNG;0
Norway;2023;CNG;0
Norway;2024;CNG;0
Norway;2025;CNG;0
Norway;2019;D-HEV;544
Norway;2020;D-HEV;763
Norway;2021;D-HEV;797
Norway;2022;D-HEV;633
Norway;2023;D-HEV;256
Norway;2024;D-HEV;170
Norway;2025;D-HEV;120
Norway;1970;Diesel;1592
Norway;1971;Diesel;1602
Norway;1972;Diesel;1614
Norway;1973;Diesel;1627
Norway;1974;Diesel;1637
Norway;1975;Diesel;1647
Norway;1976;Diesel;1655
Norway;1977;Diesel;1663
Norway;1978;Diesel;1669
Norway;1979;Diesel;1675
Norway;1980;Diesel;1681
Norway;1981;Diesel;1686
Norway;1982;Diesel;1692
Norway;1983;Diesel;1699
Norway;1984;Diesel;1704
Norway;1985;Diesel;1708
Norway;1986;Diesel;1714
Norway;1987;Diesel;1720
Norway;1988;Diesel;1730
Norway;1989;Diesel;1739
Norway;1990;Diesel;2358
Norway;1991;Diesel;3454
Norway;1992;Diesel;5663
Norway;1993;Diesel;8657
Norway;1994;Diesel;12108
Norway;1995;Diesel;6505
Norway;1996;Diesel;11757
Norway;1997;Diesel;11962
Norway;1998;Diesel;11522
Norway;1999;Diesel;11937
Norway;2000;Diesel;11895
Norway;2001;Diesel;11393
Norway;2002;Diesel;10711
Norway;2003;Diesel;10831
Norway;2004;Diesel;43269
Norway;2005;Diesel;40846
Norway;2006;Diesel;62415
Norway;2007;Diesel;104433
Norway;2008;Diesel;84572
Norway;2009;Diesel;75578
Norway;2010;Diesel;99668
Norway;2011;Diesel;106747
Norway;2012;Diesel;89370
Norway;2013;Diesel;74137
Norway;2014;Diesel;66754
Norway;2015;Diesel;61749
Norway;2016;Diesel;36282
Norway;2017;Diesel;25130
Norway;2018;Diesel;17876
Norway;2019;Diesel;22245
Norway;2020;Diesel;11353
Norway;2021;Diesel;6210
Norway;2022;Diesel;4716
Norway;2023;Diesel;2830
Norway;2024;Diesel;2697
Norway;2025;Diesel;1514
Norway;2019;D-PHEV;531
Norway;2020;D-PHEV;1412
Norway;2021;D-PHEV;1572
Norway;2022;D-PHEV;528
Norway;2023;D-PHEV;200
Norway;2024;D-PHEV;17
Norway;2025;D-PHEV;142
Norway;2019;FCEV;28
Norway;2020;FCEV;15
Norway;2021;FCEV;36
Norway;2022;FCEV;27
Norway;2023;FCEV;2
Norway;2024;FCEV;9
Norway;2025;FCEV;0
Norway;1970;Gasoline;77366
Norway;1971;Gasoline;77869
Norway;1972;Gasoline;78459
Norway;1973;Gasoline;79069
Norway;1974;Gasoline;79565
Norway;1975;Gasoline;80056
Norway;1976;Gasoline;80448
Norway;1977;Gasoline;80810
Norway;1978;Gasoline;81131
Norway;1979;Gasoline;81430
Norway;1980;Gasoline;81685
Norway;1981;Gasoline;81955
Norway;1982;Gasoline;82250
Norway;1983;Gasoline;82559
Norway;1984;Gasoline;82796
Norway;1985;Gasoline;83027
Norway;1986;Gasoline;83293
Norway;1987;Gasoline;83621
Norway;1988;Gasoline;84076
Norway;1989;Gasoline;84525
Norway;1990;Gasoline;59543
Norway;1991;Gasoline;50800
Norway;1992;Gasoline;53701
Norway;1993;Gasoline;52165
Norway;1994;Gasoline;72959
Norway;1995;Gasoline;99116
Norway;1996;Gasoline;132950
Norway;1997;Gasoline;136304
Norway;1998;Gasoline;124778
Norway;1999;Gasoline;108087
Norway;2000;Gasoline;107708
Norway;2001;Gasoline;103162
Norway;2002;Gasoline;96986
Norway;2003;Gasoline;98075
Norway;2004;Gasoline;93133
Norway;2005;Gasoline;87916
Norway;2006;Gasoline;57707
Norway;2007;Gasoline;33976
Norway;2008;Gasoline;31745
Norway;2009;Gasoline;26240
Norway;2010;Gasoline;31215
Norway;2011;Gasoline;31489
Norway;2012;Gasoline;41917
Norway;2013;Gasoline;51498
Norway;2014;Gasoline;47931
Norway;2015;Gasoline;44629
Norway;2016;Gasoline;56211
Norway;2017;Gasoline;50869
Norway;2018;Gasoline;40814
Norway;2019;Gasoline;21203
Norway;2020;Gasoline;8377
Norway;2021;Gasoline;3724
Norway;2022;Gasoline;2257
Norway;2023;Gasoline;806
Norway;2024;Gasoline;325
Norway;2025;Gasoline;187
Norway;2019;G-HEV;18697
Norway;2020;G-HEV;15156
Norway;2021;G-HEV;13545
Norway;2022;G-HEV;12244
Norway;2023;G-HEV;8270
Norway;2024;G-HEV;7525
Norway;2025;G-HEV;2607
Norway;2019;G-PHEV;18768
Norway;2020;G-PHEV;27497
Norway;2021;G-PHEV;36602
Norway;2022;G-PHEV;15603
Norway;2023;G-PHEV;9970
Norway;2024;G-PHEV;3470
Norway;2025;G-PHEV;2610
Norway;1970;PHEV;0
Norway;1971;PHEV;0
Norway;1972;PHEV;0
Norway;1973;PHEV;0
Norway;1974;PHEV;0
Norway;1975;PHEV;0
Norway;1976;PHEV;0
Norway;1977;PHEV;0
Norway;1978;PHEV;0
Norway;1979;PHEV;0
Norway;1980;PHEV;0
Norway;1981;PHEV;0
Norway;1982;PHEV;0
Norway;1983;PHEV;0
Norway;1984;PHEV;0
Norway;1985;PHEV;0
Norway;1986;PHEV;0
Norway;1987;PHEV;0
Norway;1988;PHEV;0
Norway;1989;PHEV;0
Norway;1990;PHEV;0
Norway;1991;PHEV;0
Norway;1992;PHEV;0
Norway;1993;PHEV;0
Norway;1994;PHEV;0
Norway;1995;PHEV;0
Norway;1996;PHEV;0
Norway;1997;PHEV;0
Norway;1998;PHEV;0
Norway;1999;PHEV;0
Norway;2000;PHEV;0
Norway;2001;PHEV;0
Norway;2002;PHEV;0
Norway;2003;PHEV;0
Norway;2004;PHEV;0
Norway;2005;PHEV;0
Norway;2006;PHEV;0
Norway;2007;PHEV;0
Norway;2008;PHEV;0
Norway;2009;PHEV;0
Norway;2010;PHEV;0
Norway;2011;PHEV;354
Norway;2012;PHEV;462
Norway;2013;PHEV;1617
Norway;2014;PHEV;7151
Norway;2015;PHEV;19423
Norway;2016;PHEV;26919
Norway;2017;PHEV;26546
Norway;2018;PHEV;19043
Norway;2019;PHEV;19299
Norway;2020;PHEV;28909
Norway;2021;PHEV;38174
Norway;2022;PHEV;16131
Norway;2023;PHEV;10170
Norway;2024;PHEV;3487
Norway;2025;PHEV;2752
Norway;1970;Total;78958
Norway;1971;Total;79471
Norway;1972;Total;80073
Norway;1973;Total;80696
Norway;1974;Total;81202
Norway;1975;Total;81703
Norway;1976;Total;82103
Norway;1977;Total;82473
Norway;1978;Total;82800
Norway;1979;Total;83105
Norway;1980;Total;83366
Norway;1981;Total;83641
Norway;1982;Total;83942
Norway;1983;Total;84258
Norway;1984;Total;84500
Norway;1985;Total;84735
Norway;1986;Total;85007
Norway;1987;Total;85341
Norway;1988;Total;85806
Norway;1989;Total;86264
Norway;1990;Total;61901
Norway;1991;Total;54254
Norway;1992;Total;59364
Norway;1993;Total;60822
Norway;1994;Total;85067
Norway;1995;Total;105628
Norway;1996;Total;144755
Norway;1997;Total;148292
Norway;1998;Total;136340
Norway;1999;Total;120109
Norway;2000;Total;119801
Norway;2001;Total;114706
Norway;2002;Total;107917
Norway;2003;Total;109006
Norway;2004;Total;136475
Norway;2005;Total;128793
Norway;2006;Total;120139
Norway;2007;Total;138426
Norway;2008;Total;116497
Norway;2009;Total;101939
Norway;2010;Total;131386
Norway;2011;Total;141742
Norway;2012;Total;140115
Norway;2013;Total;143085
Norway;2014;Total;144457
Norway;2015;Total;150917
Norway;2016;Total;154883
Norway;2017;Total;158864
Norway;2018;Total;148083
Norway;2019;Total;142278
Norway;2020;Total;141369
Norway;2021;Total;176201
Norway;2022;Total;174291
Norway;2023;Total;126910
Norway;2024;Total;128590
Norway;2025;Total;179397
Denmark;1970;BEV;0
Denmark;1971;BEV;0
Denmark;1972;BEV;0
Denmark;1973;BEV;0
Denmark;1974;BEV;0
Denmark;1975;BEV;0
Denmark;1976;BEV;0
Denmark;1977;BEV;0
Denmark;1978;BEV;0
Denmark;1979;BEV;0
Denmark;1980;BEV;0
Denmark;1981;BEV;0
Denmark;1982;BEV;0
Denmark;1983;BEV;0
Denmark;1984;BEV;0
Denmark;1985;BEV;0
Denmark;1986;BEV;0
Denmark;1987;BEV;0
Denmark;1988;BEV;0
Denmark;1989;BEV;0
Denmark;1990;BEV;0
Denmark;1991;BEV;0
Denmark;1992;BEV;0
Denmark;1993;BEV;0
Denmark;1994;BEV;0
Denmark;1995;BEV;0
Denmark;1996;BEV;0
Denmark;1997;BEV;0
Denmark;1998;BEV;0
Denmark;1999;BEV;0
Denmark;2000;BEV;0
Denmark;2001;BEV;0
Denmark;2002;BEV;0
Denmark;2003;BEV;0
Denmark;2004;BEV;0
Denmark;2005;BEV;0
Denmark;2006;BEV;0
Denmark;2007;BEV;0
Denmark;2008;BEV;0
Denmark;2009;BEV;22
Denmark;2010;BEV;15
Denmark;2011;BEV;465
Denmark;2012;BEV;530
Denmark;2013;BEV;533
Denmark;2014;BEV;1564
Denmark;2015;BEV;4301
Denmark;2016;BEV;1265
Denmark;2017;BEV;691
Denmark;2018;BEV;1544
Denmark;2019;BEV;5501
Denmark;2020;BEV;14218
Denmark;2021;BEV;24872
Denmark;2022;BEV;30793
Denmark;2023;BEV;62579
Denmark;2024;BEV;89043
Denmark;2025;BEV;126444
Denmark;2011;CNG;2
Denmark;2012;CNG;0
Denmark;2013;CNG;15
Denmark;2014;CNG;43
Denmark;2015;CNG;7
Denmark;2016;CNG;36
Denmark;2017;CNG;47
Denmark;2018;CNG;7
Denmark;2019;CNG;6
Denmark;2020;CNG;0
Denmark;2021;CNG;0
Denmark;2022;CNG;0
Denmark;2023;CNG;0
Denmark;2024;CNG;0
Denmark;2025;CNG;0
Denmark;2011;D-HEV;0
Denmark;2012;D-HEV;0
Denmark;2013;D-HEV;0
Denmark;2014;D-HEV;1
Denmark;2015;D-HEV;0
Denmark;2016;D-HEV;5
Denmark;2017;D-HEV;1
Denmark;2018;D-HEV;1
Denmark;2019;D-HEV;113
Denmark;2020;D-HEV;488
Denmark;2021;D-HEV;1128
Denmark;2022;D-HEV;849
Denmark;2023;D-HEV;273
Denmark;2024;D-HEV;110
Denmark;2025;D-HEV;31
Denmark;1970;Diesel;19554
Denmark;1971;Diesel;19810
Denmark;1972;Diesel;20065
Denmark;1973;Diesel;20321
Denmark;1974;Diesel;20577
Denmark;1975;Diesel;20832
Denmark;1976;Diesel;21344
Denmark;1977;Diesel;21856
Denmark;1978;Diesel;22368
Denmark;1979;Diesel;22881
Denmark;1980;Diesel;13313
Denmark;1981;Diesel;12920
Denmark;1982;Diesel;15392
Denmark;1983;Diesel;20942
Denmark;1984;Diesel;24206
Denmark;1985;Diesel;28374
Denmark;1986;Diesel;30509
Denmark;1987;Diesel;22378
Denmark;1988;Diesel;15979
Denmark;1989;Diesel;14122
Denmark;1990;Diesel;14551
Denmark;1991;Diesel;15089
Denmark;1992;Diesel;15213
Denmark;1993;Diesel;14775
Denmark;1994;Diesel;25019
Denmark;1995;Diesel;24428
Denmark;1996;Diesel;25547
Denmark;1997;Diesel;27469
Denmark;1998;Diesel;29203
Denmark;1999;Diesel;25962
Denmark;2000;Diesel;20454
Denmark;2001;Diesel;17301
Denmark;2002;Diesel;22320
Denmark;2003;Diesel;22195
Denmark;2004;Diesel;30636
Denmark;2005;Diesel;37145
Denmark;2006;Diesel;43881
Denmark;2007;Diesel;64992
Denmark;2008;Diesel;70812
Denmark;2009;Diesel;50512
Denmark;2010;Diesel;70662
Denmark;2011;Diesel;81561
Denmark;2012;Diesel;67946
Denmark;2013;Diesel;57435
Denmark;2014;Diesel;59544
Denmark;2015;Diesel;64203
Denmark;2016;Diesel;80211
Denmark;2017;Diesel;77492
Denmark;2018;Diesel;72474
Denmark;2019;Diesel;60362
Denmark;2020;Diesel;45809
Denmark;2021;Diesel;25519
Denmark;2022;Diesel;16591
Denmark;2023;Diesel;14986
Denmark;2024;Diesel;12197
Denmark;2025;Diesel;9708
Denmark;2011;FCEV;0
Denmark;2012;FCEV;0
Denmark;2013;FCEV;15
Denmark;2014;FCEV;1
Denmark;2015;FCEV;38
Denmark;2016;FCEV;14
Denmark;2017;FCEV;15
Denmark;2018;FCEV;6
Denmark;2019;FCEV;8
Denmark;2020;FCEV;45
Denmark;2021;FCEV;75
Denmark;2022;FCEV;6
Denmark;2023;FCEV;1
Denmark;2024;FCEV;0
Denmark;2025;FCEV;28
Denmark;1970;Gasoline;89080
Denmark;1971;Gasoline;90244
Denmark;1972;Gasoline;91409
Denmark;1973;Gasoline;92573
Denmark;1974;Gasoline;93737
Denmark;1975;Gasoline;94901
Denmark;1976;Gasoline;97234
Denmark;1977;Gasoline;99567
Denmark;1978;Gasoline;101900
Denmark;1979;Gasoline;104233
Denmark;1980;Gasoline;60648
Denmark;1981;Gasoline;58858
Denmark;1982;Gasoline;70120
Denmark;1983;Gasoline;95404
Denmark;1984;Gasoline;110272
Denmark;1985;Gasoline;129258
Denmark;1986;Gasoline;138983
Denmark;1987;Gasoline;101946
Denmark;1988;Gasoline;72791
Denmark;1989;Gasoline;64331
Denmark;1990;Gasoline;66286
Denmark;1991;Gasoline;68739
Denmark;1992;Gasoline;69305
Denmark;1993;Gasoline;67309
Denmark;1994;Gasoline;113975
Denmark;1995;Gasoline;111284
Denmark;1996;Gasoline;116379
Denmark;1997;Gasoline;125138
Denmark;1998;Gasoline;133035
Denmark;1999;Gasoline;118270
Denmark;2000;Gasoline;93179
Denmark;2001;Gasoline;78813
Denmark;2002;Gasoline;89278
Denmark;2003;Gasoline;74306
Denmark;2004;Gasoline;91907
Denmark;2005;Gasoline;111434
Denmark;2006;Gasoline;112838
Denmark;2007;Gasoline;97489
Denmark;2008;Gasoline;79851
Denmark;2009;Gasoline;61715
Denmark;2010;Gasoline;82936
Denmark;2011;Gasoline;87672
Denmark;2012;Gasoline;101374
Denmark;2013;Gasoline;122644
Denmark;2014;Gasoline;127172
Denmark;2015;Gasoline;137698
Denmark;2016;Gasoline;140371
Denmark;2017;Gasoline;142607
Denmark;2018;Gasoline;141318
Denmark;2019;Gasoline;155863
Denmark;2020;Gasoline;120674
Denmark;2021;Gasoline;95676
Denmark;2022;Gasoline;75444
Denmark;2023;Gasoline;78594
Denmark;2024;Gasoline;65136
Denmark;2025;Gasoline;44426
Denmark;2011;G-HEV;0
Denmark;2012;G-HEV;0
Denmark;2013;G-HEV;0
Denmark;2014;G-HEV;81
Denmark;2015;G-HEV;406
Denmark;2016;G-HEV;567
Denmark;2017;G-HEV;620
Denmark;2018;G-HEV;3125
Denmark;2019;G-HEV;3767
Denmark;2020;G-HEV;17747
Denmark;2021;G-HEV;39314
Denmark;2022;G-HEV;25590
Denmark;2023;G-HEV;16945
Denmark;2024;G-HEV;6957
Denmark;2025;G-HEV;4796
Denmark;1970;Total;108634
Denmark;1971;Total;110054
Denmark;1972;Total;111474
Denmark;1973;Total;112894
Denmark;1974;Total;114314
Denmark;1975;Total;115733
Denmark;1976;Total;118578
Denmark;1977;Total;121423
Denmark;1978;Total;124268
Denmark;1979;Total;127114
Denmark;1980;Total;73961
Denmark;1981;Total;71778
Denmark;1982;Total;85512
Denmark;1983;Total;116346
Denmark;1984;Total;134478
Denmark;1985;Total;157632
Denmark;1986;Total;169492
Denmark;1987;Total;124324
Denmark;1988;Total;88770
Denmark;1989;Total;78453
Denmark;1990;Total;80837
Denmark;1991;Total;83828
Denmark;1992;Total;84518
Denmark;1993;Total;82084
Denmark;1994;Total;138994
Denmark;1995;Total;135712
Denmark;1996;Total;141926
Denmark;1997;Total;152607
Denmark;1998;Total;162238
Denmark;1999;Total;144232
Denmark;2000;Total;113633
Denmark;2001;Total;96114
Denmark;2002;Total;111598
Denmark;2003;Total;96501
Denmark;2004;Total;122543
Denmark;2005;Total;148578
Denmark;2006;Total;156719
Denmark;2007;Total;162481
Denmark;2008;Total;150663
Denmark;2009;Total;112249
Denmark;2010;Total;153614
Denmark;2011;Total;169700
Denmark;2012;Total;169851
Denmark;2013;Total;180642
Denmark;2014;Total;188406
Denmark;2015;Total;206653
Denmark;2016;Total;222469
Denmark;2017;Total;221473
Denmark;2018;Total;218475
Denmark;2019;Total;225620
Denmark;2020;Total;198981
Denmark;2021;Total;186584
Denmark;2022;Total;149273
Denmark;2023;Total;173378
Denmark;2024;Total;173443
Denmark;2025;Total;185433
Switzerland;1970;BEV;0
Switzerland;1971;BEV;0
Switzerland;1972;BEV;0
Switzerland;1973;BEV;0
Switzerland;1974;BEV;0
Switzerland;1975;BEV;0
Switzerland;1976;BEV;0
Switzerland;1977;BEV;0
Switzerland;1978;BEV;0
Switzerland;1979;BEV;0
Switzerland;1980;BEV;0
Switzerland;1981;BEV;0
Switzerland;1982;BEV;0
Switzerland;1983;BEV;0
Switzerland;1984;BEV;0
Switzerland;1985;BEV;0
Switzerland;1986;BEV;0
Switzerland;1987;BEV;0
Switzerland;1988;BEV;0
Switzerland;1989;BEV;0
Switzerland;1990;BEV;0
Switzerland;1991;BEV;0
Switzerland;1992;BEV;0
Switzerland;1993;BEV;0
Switzerland;1994;BEV;0
Switzerland;1995;BEV;0
Switzerland;1996;BEV;0
Switzerland;1997;BEV;61
Switzerland;1998;BEV;57
Switzerland;1999;BEV;69
Switzerland;2000;BEV;64
Switzerland;2001;BEV;16
Switzerland;2002;BEV;75
Switzerland;2003;BEV;18
Switzerland;2004;BEV;20
Switzerland;2005;BEV;13
Switzerland;2006;BEV;9
Switzerland;2007;BEV;19
Switzerland;2008;BEV;24
Switzerland;2009;BEV;57
Switzerland;2010;BEV;201
Switzerland;2011;BEV;452
Switzerland;2012;BEV;924
Switzerland;2013;BEV;1392
Switzerland;2014;BEV;1948
Switzerland;2015;BEV;3882
Switzerland;2016;BEV;3525
Switzerland;2017;BEV;4929
Switzerland;2018;BEV;5411
Switzerland;2019;BEV;13177
Switzerland;2020;BEV;19752
Switzerland;2021;BEV;32017
Switzerland;2022;BEV;40507
Switzerland;2023;BEV;52929
Switzerland;2024;BEV;46581
Switzerland;1990;CNG;0
Switzerland;1991;CNG;0
Switzerland;1992;CNG;0
Switzerland;1993;CNG;0
Switzerland;1994;CNG;0
Switzerland;1995;CNG;0
Switzerland;1996;CNG;0
Switzerland;1997;CNG;0
Switzerland;1998;CNG;0
Switzerland;1999;CNG;0
Switzerland;2000;CNG;0
Switzerland;2001;CNG;0
Switzerland;2002;CNG;0
Switzerland;2003;CNG;0
Switzerland;2004;CNG;0
Switzerland;2005;CNG;442
Switzerland;2006;CNG;1064
Switzerland;2007;CNG;1653
Switzerland;2008;CNG;1136
Switzerland;2009;CNG;1063
Switzerland;2010;CNG;721
Switzerland;2011;CNG;651
Switzerland;2012;CNG;519
Switzerland;2013;CNG;791
Switzerland;2014;CNG;1041
Switzerland;2015;CNG;1080
Switzerland;2016;CNG;944
Switzerland;2017;CNG;769
Switzerland;2018;CNG;805
Switzerland;2019;CNG;1250
Switzerland;2020;CNG;571
Switzerland;2021;CNG;296
Switzerland;2022;CNG;132
Switzerland;2023;CNG;53
Switzerland;2024;CNG;7
Switzerland;1990;D-HEV;0
Switzerland;1991;D-HEV;0
Switzerland;1992;D-HEV;0
Switzerland;1993;D-HEV;0
Switzerland;1994;D-HEV;0
Switzerland;1995;D-HEV;0
Switzerland;1996;D-HEV;0
Switzerland;1997;D-HEV;0
Switzerland;1998;D-HEV;0
Switzerland;1999;D-HEV;0
Switzerland;2000;D-HEV;0
Switzerland;2001;D-HEV;0
Switzerland;2002;D-HEV;0
Switzerland;2003;D-HEV;0
Switzerland;2004;D-HEV;0
Switzerland;2005;D-HEV;0
Switzerland;2006;D-HEV;1
Switzerland;2007;D-HEV;0
Switzerland;2008;D-HEV;0
Switzerland;2009;D-HEV;0
Switzerland;2010;D-HEV;4
Switzerland;2011;D-HEV;17
Switzerland;2012;D-HEV;956
Switzerland;2013;D-HEV;684
Switzerland;2014;D-HEV;516
Switzerland;2015;D-HEV;835
Switzerland;2016;D-HEV;490
Switzerland;2017;D-HEV;181
Switzerland;2018;D-HEV;794
Switzerland;2019;D-HEV;3847
Switzerland;2020;D-HEV;5363
Switzerland;2021;D-HEV;9692
Switzerland;2022;D-HEV;10941
Switzerland;2023;D-HEV;12653
Switzerland;2024;D-HEV;12786
Switzerland;1970;Diesel;7586
Switzerland;1971;Diesel;7616
Switzerland;1972;Diesel;7666
Switzerland;1973;Diesel;7733
Switzerland;1974;Diesel;7780
Switzerland;1975;Diesel;7816
Switzerland;1976;Diesel;7773
Switzerland;1977;Diesel;7727
Switzerland;1978;Diesel;7720
Switzerland;1979;Diesel;7729
Switzerland;1980;Diesel;7548
Switzerland;1981;Diesel;7834
Switzerland;1982;Diesel;7829
Switzerland;1983;Diesel;7372
Switzerland;1984;Diesel;7200
Switzerland;1985;Diesel;7145
Switzerland;1986;Diesel;8079
Switzerland;1987;Diesel;8164
Switzerland;1988;Diesel;8597
Switzerland;1989;Diesel;9124
Switzerland;1990;Diesel;8479
Switzerland;1991;Diesel;7170
Switzerland;1992;Diesel;7997
Switzerland;1993;Diesel;8375
Switzerland;1994;Diesel;11786
Switzerland;1995;Diesel;10696
Switzerland;1996;Diesel;12601
Switzerland;1997;Diesel;13428
Switzerland;1998;Diesel;16632
Switzerland;1999;Diesel;20719
Switzerland;2000;Diesel;28983
Switzerland;2001;Diesel;41716
Switzerland;2002;Diesel;52097
Switzerland;2003;Diesel;57912
Switzerland;2004;Diesel;69280
Switzerland;2005;Diesel;74114
Switzerland;2006;Diesel;80857
Switzerland;2007;Diesel;92333
Switzerland;2008;Diesel;93366
Switzerland;2009;Diesel;78755
Switzerland;2010;Diesel;90547
Switzerland;2011;Diesel;109324
Switzerland;2012;Diesel;124911
Switzerland;2013;Diesel;115656
Switzerland;2014;Diesel;113304
Switzerland;2015;Diesel;127899
Switzerland;2016;Diesel;125595
Switzerland;2017;Diesel;113848
Switzerland;2018;Diesel;90360
Switzerland;2019;Diesel;79461
Switzerland;2020;Diesel;51951
Switzerland;2021;Diesel;32639
Switzerland;2022;Diesel;26608
Switzerland;2023;Diesel;23940
Switzerland;2024;Diesel;23009
Switzerland;1990;D-PHEV;0
Switzerland;1991;D-PHEV;0
Switzerland;1992;D-PHEV;0
Switzerland;1993;D-PHEV;0
Switzerland;1994;D-PHEV;0
Switzerland;1995;D-PHEV;0
Switzerland;1996;D-PHEV;0
Switzerland;1997;D-PHEV;0
Switzerland;1998;D-PHEV;0
Switzerland;1999;D-PHEV;0
Switzerland;2000;D-PHEV;0
Switzerland;2001;D-PHEV;0
Switzerland;2002;D-PHEV;0
Switzerland;2003;D-PHEV;0
Switzerland;2004;D-PHEV;0
Switzerland;2005;D-PHEV;0
Switzerland;2006;D-PHEV;0
Switzerland;2007;D-PHEV;0
Switzerland;2008;D-PHEV;1
Switzerland;2009;D-PHEV;1
Switzerland;2010;D-PHEV;0
Switzerland;2011;D-PHEV;1
Switzerland;2012;D-PHEV;31
Switzerland;2013;D-PHEV;281
Switzerland;2014;D-PHEV;212
Switzerland;2015;D-PHEV;274
Switzerland;2016;D-PHEV;148
Switzerland;2017;D-PHEV;101
Switzerland;2018;D-PHEV;75
Switzerland;2019;D-PHEV;10
Switzerland;2020;D-PHEV;161
Switzerland;2021;D-PHEV;572
Switzerland;2022;D-PHEV;272
Switzerland;2023;D-PHEV;457
Switzerland;2024;D-PHEV;520
Switzerland;1990;FCEV;0
Switzerland;1991;FCEV;0
Switzerland;1992;FCEV;0
Switzerland;1993;FCEV;0
Switzerland;1994;FCEV;0
Switzerland;1995;FCEV;0
Switzerland;1996;FCEV;0
Switzerland;1997;FCEV;0
Switzerland;1998;FCEV;0
Switzerland;1999;FCEV;0
Switzerland;2000;FCEV;0
Switzerland;2001;FCEV;0
Switzerland;2002;FCEV;0
Switzerland;2003;FCEV;0
Switzerland;2004;FCEV;0
Switzerland;2005;FCEV;0
Switzerland;2006;FCEV;0
Switzerland;2007;FCEV;0
Switzerland;2008;FCEV;0
Switzerland;2009;FCEV;0
Switzerland;2010;FCEV;0
Switzerland;2011;FCEV;0
Switzerland;2012;FCEV;1
Switzerland;2013;FCEV;0
Switzerland;2014;FCEV;0
Switzerland;2015;FCEV;15
Switzerland;2016;FCEV;10
Switzerland;2017;FCEV;2
Switzerland;2018;FCEV;27
Switzerland;2019;FCEV;27
Switzerland;2020;FCEV;48
Switzerland;2021;FCEV;66
Switzerland;2022;FCEV;72
Switzerland;2023;FCEV;28
Switzerland;2024;FCEV;13
Switzerland;1970;Gasoline;274247
Switzerland;1971;Gasoline;275329
Switzerland;1972;Gasoline;277138
Switzerland;1973;Gasoline;279558
Switzerland;1974;Gasoline;281263
Switzerland;1975;Gasoline;282587
Switzerland;1976;Gasoline;281017
Switzerland;1977;Gasoline;279375
Switzerland;1978;Gasoline;279121
Switzerland;1979;Gasoline;279424
Switzerland;1980;Gasoline;272904
Switzerland;1981;Gasoline;283232
Switzerland;1982;Gasoline;283061
Switzerland;1983;Gasoline;266514
Switzerland;1984;Gasoline;260288
Switzerland;1985;Gasoline;258322
Switzerland;1986;Gasoline;292091
Switzerland;1987;Gasoline;295138
Switzerland;1988;Gasoline;310809
Switzerland;1989;Gasoline;329845
Switzerland;1990;Gasoline;314281
Switzerland;1991;Gasoline;302764
Switzerland;1992;Gasoline;278165
Switzerland;1993;Gasoline;248454
Switzerland;1994;Gasoline;254027
Switzerland;1995;Gasoline;257210
Switzerland;1996;Gasoline;259507
Switzerland;1997;Gasoline;257127
Switzerland;1998;Gasoline;278426
Switzerland;1999;Gasoline;293896
Switzerland;2000;Gasoline;285407
Switzerland;2001;Gasoline;272734
Switzerland;2002;Gasoline;240771
Switzerland;2003;Gasoline;211547
Switzerland;2004;Gasoline;197776
Switzerland;2005;Gasoline;185120
Switzerland;2006;Gasoline;185807
Switzerland;2007;Gasoline;185055
Switzerland;2008;Gasoline;189151
Switzerland;2009;Gasoline;182174
Switzerland;2010;Gasoline;200576
Switzerland;2011;Gasoline;211540
Switzerland;2012;Gasoline;200576
Switzerland;2013;Gasoline;185070
Switzerland;2014;Gasoline;180875
Switzerland;2015;Gasoline;185469
Switzerland;2016;Gasoline;178666
Switzerland;2017;Gasoline;183637
Switzerland;2018;Gasoline;188847
Switzerland;2019;Gasoline;192119
Switzerland;2020;Gasoline;118987
Switzerland;2021;Gasoline;100768
Switzerland;2022;Gasoline;86231
Switzerland;2023;Gasoline;85205
Switzerland;2024;Gasoline;71479
Switzerland;1970;G-HEV;0
Switzerland;1971;G-HEV;0
Switzerland;1972;G-HEV;0
Switzerland;1973;G-HEV;0
Switzerland;1974;G-HEV;0
Switzerland;1975;G-HEV;0
Switzerland;1976;G-HEV;0
Switzerland;1977;G-HEV;0
Switzerland;1978;G-HEV;0
Switzerland;1979;G-HEV;0
Switzerland;1980;G-HEV;0
Switzerland;1981;G-HEV;0
Switzerland;1982;G-HEV;0
Switzerland;1983;G-HEV;0
Switzerland;1984;G-HEV;0
Switzerland;1985;G-HEV;0
Switzerland;1986;G-HEV;0
Switzerland;1987;G-HEV;0
Switzerland;1988;G-HEV;0
Switzerland;1989;G-HEV;0
Switzerland;1990;G-HEV;0
Switzerland;1991;G-HEV;0
Switzerland;1992;G-HEV;0
Switzerland;1993;G-HEV;0
Switzerland;1994;G-HEV;0
Switzerland;1995;G-HEV;0
Switzerland;1996;G-HEV;0
Switzerland;1997;G-HEV;0
Switzerland;1998;G-HEV;0
Switzerland;1999;G-HEV;0
Switzerland;2000;G-HEV;0
Switzerland;2001;G-HEV;0
Switzerland;2002;G-HEV;0
Switzerland;2003;G-HEV;0
Switzerland;2004;G-HEV;0
Switzerland;2005;G-HEV;604
Switzerland;2006;G-HEV;1569
Switzerland;2007;G-HEV;3219
Switzerland;2008;G-HEV;3064
Switzerland;2009;G-HEV;3875
Switzerland;2010;G-HEV;4213
Switzerland;2011;G-HEV;5325
Switzerland;2012;G-HEV;5530
Switzerland;2013;G-HEV;5966
Switzerland;2014;G-HEV;5569
Switzerland;2015;G-HEV;5458
Switzerland;2016;G-HEV;7150
Switzerland;2017;G-HEV;8186
Switzerland;2018;G-HEV;10434
Switzerland;2019;G-HEV;18285
Switzerland;2020;G-HEV;27510
Switzerland;2021;G-HEV;44738
Switzerland;2022;G-HEV;47100
Switzerland;2023;G-HEV;58079
Switzerland;2024;G-HEV;70535
Switzerland;1970;G-PHEV;0
Switzerland;1971;G-PHEV;0
Switzerland;1972;G-PHEV;0
Switzerland;1973;G-PHEV;0
Switzerland;1974;G-PHEV;0
Switzerland;1975;G-PHEV;0
Switzerland;1976;G-PHEV;0
Switzerland;1977;G-PHEV;0
Switzerland;1978;G-PHEV;0
Switzerland;1979;G-PHEV;0
Switzerland;1980;G-PHEV;0
Switzerland;1981;G-PHEV;0
Switzerland;1982;G-PHEV;0
Switzerland;1983;G-PHEV;0
Switzerland;1984;G-PHEV;0
Switzerland;1985;G-PHEV;0
Switzerland;1986;G-PHEV;0
Switzerland;1987;G-PHEV;0
Switzerland;1988;G-PHEV;0
Switzerland;1989;G-PHEV;0
Switzerland;1990;G-PHEV;0
Switzerland;1991;G-PHEV;0
Switzerland;1992;G-PHEV;0
Switzerland;1993;G-PHEV;0
Switzerland;1994;G-PHEV;0
Switzerland;1995;G-PHEV;0
Switzerland;1996;G-PHEV;0
Switzerland;1997;G-PHEV;0
Switzerland;1998;G-PHEV;0
Switzerland;1999;G-PHEV;0
Switzerland;2000;G-PHEV;0
Switzerland;2001;G-PHEV;0
Switzerland;2002;G-PHEV;0
Switzerland;2003;G-PHEV;0
Switzerland;2004;G-PHEV;0
Switzerland;2005;G-PHEV;0
Switzerland;2006;G-PHEV;0
Switzerland;2007;G-PHEV;1
Switzerland;2008;G-PHEV;28
Switzerland;2009;G-PHEV;24
Switzerland;2010;G-PHEV;33
Switzerland;2011;G-PHEV;119
Switzerland;2012;G-PHEV;191
Switzerland;2013;G-PHEV;227
Switzerland;2014;G-PHEV;596
Switzerland;2015;G-PHEV;2218
Switzerland;2016;G-PHEV;2799
Switzerland;2017;G-PHEV;3378
Switzerland;2018;G-PHEV;4129
Switzerland;2019;G-PHEV;4199
Switzerland;2020;G-PHEV;14132
Switzerland;2021;G-PHEV;21231
Switzerland;2022;G-PHEV;17540
Switzerland;2023;G-PHEV;22637
Switzerland;2024;G-PHEV;20621
Switzerland;1990;Other;214
Switzerland;1991;Other;259
Switzerland;1992;Other;127
Switzerland;1993;Other;88
Switzerland;1994;Other;79
Switzerland;1995;Other;69
Switzerland;1996;Other;106
Switzerland;1997;Other;9
Switzerland;1998;Other;50
Switzerland;1999;Other;7
Switzerland;2000;Other;28
Switzerland;2001;Other;114
Switzerland;2002;Other;91
Switzerland;2003;Other;234
Switzerland;2004;Other;400
Switzerland;2005;Other;389
Switzerland;2006;Other;441
Switzerland;2007;Other;1692
Switzerland;2008;Other;1201
Switzerland;2009;Other;529
Switzerland;2010;Other;302
Switzerland;2011;Other;526
Switzerland;2012;Other;406
Switzerland;2013;Other;87
Switzerland;2014;Other;22
Switzerland;2015;Other;13
Switzerland;2016;Other;4
Switzerland;2017;Other;1
Switzerland;2018;Other;5
Switzerland;2019;Other;2
Switzerland;2020;Other;0
Switzerland;2021;Other;3
Switzerland;2022;Other;0
Switzerland;2023;Other;0
Switzerland;2024;Other;1
Switzerland;1970;Total;281833
Switzerland;1971;Total;282945
Switzerland;1972;Total;284804
Switzerland;1973;Total;287291
Switzerland;1974;Total;289043
Switzerland;1975;Total;290403
Switzerland;1976;Total;288790
Switzerland;1977;Total;287102
Switzerland;1978;Total;286841
Switzerland;1979;Total;287153
Switzerland;1980;Total;280452
Switzerland;1981;Total;291066
Switzerland;1982;Total;290890
Switzerland;1983;Total;273886
Switzerland;1984;Total;267488
Switzerland;1985;Total;265467
Switzerland;1986;Total;300170
Switzerland;1987;Total;303302
Switzerland;1988;Total;319406
Switzerland;1989;Total;338969
Switzerland;1990;Total;322974
Switzerland;1991;Total;310193
Switzerland;1992;Total;286289
Switzerland;1993;Total;256917
Switzerland;1994;Total;265892
Switzerland;1995;Total;267975
Switzerland;1996;Total;272214
Switzerland;1997;Total;270625
Switzerland;1998;Total;295165
Switzerland;1999;Total;314691
Switzerland;2000;Total;314482
Switzerland;2001;Total;314580
Switzerland;2002;Total;293034
Switzerland;2003;Total;269711
Switzerland;2004;Total;267476
Switzerland;2005;Total;260682
Switzerland;2006;Total;269748
Switzerland;2007;Total;283972
Switzerland;2008;Total;287971
Switzerland;2009;Total;266478
Switzerland;2010;Total;296597
Switzerland;2011;Total;327955
Switzerland;2012;Total;334045
Switzerland;2013;Total;310154
Switzerland;2014;Total;304083
Switzerland;2015;Total;327143
Switzerland;2016;Total;319331
Switzerland;2017;Total;315032
Switzerland;2018;Total;300887
Switzerland;2019;Total;312377
Switzerland;2020;Total;238475
Switzerland;2021;Total;242022
Switzerland;2022;Total;229403
Switzerland;2023;Total;255981
Switzerland;2024;Total;245552
Great Britain;1970;BEV;0
Great Britain;1971;BEV;0
Great Britain;1972;BEV;0
Great Britain;1973;BEV;0
Great Britain;1974;BEV;0
Great Britain;1975;BEV;0
Great Britain;1976;BEV;0
Great Britain;1977;BEV;0
Great Britain;1978;BEV;0
Great Britain;1979;BEV;0
Great Britain;1980;BEV;0
Great Britain;1981;BEV;0
Great Britain;1982;BEV;0
Great Britain;1983;BEV;0
Great Britain;1984;BEV;0
Great Britain;1985;BEV;0
Great Britain;1986;BEV;0
Great Britain;1987;BEV;0
Great Britain;1988;BEV;0
Great Britain;1989;BEV;0
Great Britain;1990;BEV;0
Great Britain;1991;BEV;0
Great Britain;1992;BEV;0
Great Britain;1993;BEV;0
Great Britain;1994;BEV;0
Great Britain;1995;BEV;0
Great Britain;1996;BEV;0
Great Britain;1997;BEV;0
Great Britain;1998;BEV;0
Great Britain;1999;BEV;0
Great Britain;2000;BEV;0
Great Britain;2001;BEV;82
Great Britain;2002;BEV;64
Great Britain;2003;BEV;40
Great Britain;2004;BEV;90
Great Britain;2005;BEV;226
Great Britain;2006;BEV;323
Great Britain;2007;BEV;450
Great Britain;2008;BEV;220
Great Britain;2009;BEV;182
Great Britain;2010;BEV;256
Great Britain;2011;BEV;1204
Great Britain;2012;BEV;1680
Great Britain;2013;BEV;2619
Great Britain;2014;BEV;6655
Great Britain;2015;BEV;9833
Great Britain;2016;BEV;10272
Great Britain;2017;BEV;13692
Great Britain;2018;BEV;15579
Great Britain;2019;BEV;37605
Great Britain;2020;BEV;106682
Great Britain;2021;BEV;188143
Great Britain;2022;BEV;263197
Great Britain;2023;BEV;308941
Great Britain;2024;BEV;375191
Great Britain;2025;BEV;465293
Great Britain;2001;CNG;2103
Great Britain;2002;CNG;2498
Great Britain;2003;CNG;3228
Great Britain;2004;CNG;1842
Great Britain;2005;CNG;528
Great Britain;2006;CNG;70
Great Britain;2007;CNG;67
Great Britain;2008;CNG;164
Great Britain;2009;CNG;254
Great Britain;2010;CNG;149
Great Britain;2011;CNG;105
Great Britain;2012;CNG;73
Great Britain;2013;CNG;24
Great Britain;2014;CNG;28
Great Britain;2015;CNG;42
Great Britain;2016;CNG;32
Great Britain;2017;CNG;14
Great Britain;2018;CNG;96
Great Britain;2019;CNG;34
Great Britain;2020;CNG;770
Great Britain;2021;CNG;2313
Great Britain;2022;CNG;3588
Great Britain;2023;CNG;2661
Great Britain;2024;CNG;1212
Great Britain;2025;CNG;203
Great Britain;1970;D-HEV;0
Great Britain;1971;D-HEV;0
Great Britain;1972;D-HEV;0
Great Britain;1973;D-HEV;0
Great Britain;1974;D-HEV;0
Great Britain;1975;D-HEV;0
Great Britain;1976;D-HEV;0
Great Britain;1977;D-HEV;0
Great Britain;1978;D-HEV;0
Great Britain;1979;D-HEV;0
Great Britain;1980;D-HEV;0
Great Britain;1981;D-HEV;0
Great Britain;1982;D-HEV;0
Great Britain;1983;D-HEV;0
Great Britain;1984;D-HEV;0
Great Britain;1985;D-HEV;0
Great Britain;1986;D-HEV;0
Great Britain;1987;D-HEV;0
Great Britain;1988;D-HEV;0
Great Britain;1989;D-HEV;0
Great Britain;1990;D-HEV;0
Great Britain;1991;D-HEV;0
Great Britain;1992;D-HEV;0
Great Britain;1993;D-HEV;0
Great Britain;1994;D-HEV;0
Great Britain;1995;D-HEV;0
Great Britain;1996;D-HEV;0
Great Britain;1997;D-HEV;0
Great Britain;1998;D-HEV;0
Great Britain;1999;D-HEV;0
Great Britain;2000;D-HEV;0
Great Britain;2001;D-HEV;3
Great Britain;2002;D-HEV;0
Great Britain;2003;D-HEV;1
Great Britain;2004;D-HEV;0
Great Britain;2005;D-HEV;4
Great Britain;2006;D-HEV;4
Great Britain;2007;D-HEV;1
Great Britain;2008;D-HEV;3
Great Britain;2009;D-HEV;1
Great Britain;2010;D-HEV;0
Great Britain;2011;D-HEV;29
Great Britain;2012;D-HEV;1281
Great Britain;2013;D-HEV;3274
Great Britain;2014;D-HEV;3092
Great Britain;2015;D-HEV;3926
Great Britain;2016;D-HEV;1539
Great Britain;2017;D-HEV;787
Great Britain;2018;D-HEV;224
Great Britain;2019;D-HEV;1481
Great Britain;2020;D-HEV;17413
Great Britain;2021;D-HEV;30899
Great Britain;2022;D-HEV;26643
Great Britain;2023;D-HEV;18731
Great Britain;2024;D-HEV;17139
Great Britain;2025;D-HEV;5002
Great Britain;1970;Diesel;915301
Great Britain;1971;Diesel;928588
Great Britain;1972;Diesel;941873
Great Britain;1973;Diesel;955159
Great Britain;1974;Diesel;968445
Great Britain;1975;Diesel;981731
Great Britain;1976;Diesel;1098016
Great Britain;1977;Diesel;1214301
Great Britain;1978;Diesel;1330587
Great Britain;1979;Diesel;1446871
Great Britain;1980;Diesel;1284525
Great Britain;1981;Diesel;1262489
Great Britain;1982;Diesel;1375156
Great Britain;1983;Diesel;1589334
Great Britain;1984;Diesel;1552552
Great Britain;1985;Diesel;1626175
Great Britain;1986;Diesel;1660531
Great Britain;1987;Diesel;1776325
Great Britain;1988;Diesel;1953678
Great Britain;1989;Diesel;2033685
Great Britain;1990;Diesel;1647363
Great Britain;1991;Diesel;1305737
Great Britain;1992;Diesel;1306781
Great Britain;1993;Diesel;1458342
Great Britain;1994;Diesel;1487144
Great Britain;1995;Diesel;1547381
Great Britain;1996;Diesel;1665259
Great Britain;1997;Diesel;1828208
Great Britain;1998;Diesel;1909298
Great Britain;1999;Diesel;1892309
Great Britain;2000;Diesel;1906080
Great Britain;2001;Diesel;460644
Great Britain;2002;Diesel;636793
Great Britain;2003;Diesel;728256
Great Britain;2004;Diesel;847024
Great Britain;2005;Diesel;893661
Great Britain;2006;Diesel;892665
Great Britain;2007;Diesel;955962
Great Britain;2008;Diesel;913235
Great Britain;2009;Diesel;815456
Great Britain;2010;Diesel;913139
Great Britain;2011;Diesel;958536
Great Britain;2012;Diesel;1015948
Great Britain;2013;Diesel;1102230
Great Britain;2014;Diesel;1213562
Great Britain;2015;Diesel;1253180
Great Britain;2016;Diesel;1262497
Great Britain;2017;Diesel;1047682
Great Britain;2018;Diesel;735720
Great Britain;2019;Diesel;604443
Great Britain;2020;Diesel;295190
Great Britain;2021;Diesel;188492
Great Britain;2022;Diesel;122987
Great Britain;2023;Diesel;122159
Great Britain;2024;Diesel;107138
Great Britain;2025;Diesel;93118
Great Britain;1970;D-PHEV;0
Great Britain;1971;D-PHEV;0
Great Britain;1972;D-PHEV;0
Great Britain;1973;D-PHEV;0
Great Britain;1974;D-PHEV;0
Great Britain;1975;D-PHEV;0
Great Britain;1976;D-PHEV;0
Great Britain;1977;D-PHEV;0
Great Britain;1978;D-PHEV;0
Great Britain;1979;D-PHEV;0
Great Britain;1980;D-PHEV;0
Great Britain;1981;D-PHEV;0
Great Britain;1982;D-PHEV;0
Great Britain;1983;D-PHEV;0
Great Britain;1984;D-PHEV;0
Great Britain;1985;D-PHEV;0
Great Britain;1986;D-PHEV;0
Great Britain;1987;D-PHEV;0
Great Britain;1988;D-PHEV;0
Great Britain;1989;D-PHEV;0
Great Britain;1990;D-PHEV;0
Great Britain;1991;D-PHEV;0
Great Britain;1992;D-PHEV;0
Great Britain;1993;D-PHEV;0
Great Britain;1994;D-PHEV;0
Great Britain;1995;D-PHEV;0
Great Britain;1996;D-PHEV;0
Great Britain;1997;D-PHEV;0
Great Britain;1998;D-PHEV;0
Great Britain;1999;D-PHEV;0
Great Britain;2000;D-PHEV;0
Great Britain;2001;D-PHEV;0
Great Britain;2002;D-PHEV;0
Great Britain;2003;D-PHEV;0
Great Britain;2004;D-PHEV;0
Great Britain;2005;D-PHEV;0
Great Britain;2006;D-PHEV;0
Great Britain;2007;D-PHEV;0
Great Britain;2008;D-PHEV;0
Great Britain;2009;D-PHEV;0
Great Britain;2010;D-PHEV;0
Great Britain;2011;D-PHEV;0
Great Britain;2012;D-PHEV;0
Great Britain;2013;D-PHEV;75
Great Britain;2014;D-PHEV;163
Great Britain;2015;D-PHEV;159
Great Britain;2016;D-PHEV;500
Great Britain;2017;D-PHEV;618
Great Britain;2018;D-PHEV;229
Great Britain;2019;D-PHEV;1053
Great Britain;2020;D-PHEV;2865
Great Britain;2021;D-PHEV;4070
Great Britain;2022;D-PHEV;2306
Great Britain;2023;D-PHEV;548
Great Britain;2024;D-PHEV;257
Great Britain;2025;D-PHEV;501
Great Britain;2001;FCEV;0
Great Britain;2002;FCEV;1
Great Britain;2003;FCEV;3
Great Britain;2004;FCEV;3
Great Britain;2005;FCEV;5
Great Britain;2006;FCEV;1
Great Britain;2007;FCEV;0
Great Britain;2008;FCEV;1
Great Britain;2009;FCEV;0
Great Britain;2010;FCEV;0
Great Britain;2011;FCEV;1
Great Britain;2012;FCEV;7
Great Britain;2013;FCEV;0
Great Britain;2014;FCEV;6
Great Britain;2015;FCEV;13
Great Britain;2016;FCEV;17
Great Britain;2017;FCEV;35
Great Britain;2018;FCEV;37
Great Britain;2019;FCEV;80
Great Britain;2020;FCEV;59
Great Britain;2021;FCEV;12
Great Britain;2022;FCEV;8
Great Britain;2023;FCEV;26
Great Britain;2024;FCEV;0
Great Britain;2025;FCEV;1
Great Britain;1970;Gasoline;200713
Great Britain;1971;Gasoline;203626
Great Britain;1972;Gasoline;206540
Great Britain;1973;Gasoline;209453
Great Britain;1974;Gasoline;212367
Great Britain;1975;Gasoline;215280
Great Britain;1976;Gasoline;240780
Great Britain;1977;Gasoline;266280
Great Britain;1978;Gasoline;291779
Great Britain;1979;Gasoline;317279
Great Britain;1980;Gasoline;281678
Great Britain;1981;Gasoline;276846
Great Britain;1982;Gasoline;301553
Great Britain;1983;Gasoline;348519
Great Britain;1984;Gasoline;340453
Great Britain;1985;Gasoline;356598
Great Britain;1986;Gasoline;364131
Great Britain;1987;Gasoline;389523
Great Britain;1988;Gasoline;428414
Great Britain;1989;Gasoline;445959
Great Britain;1990;Gasoline;361244
Great Britain;1991;Gasoline;286330
Great Britain;1992;Gasoline;286559
Great Britain;1993;Gasoline;319794
Great Britain;1994;Gasoline;423478
Great Britain;1995;Gasoline;397668
Great Britain;1996;Gasoline;359861
Great Britain;1997;Gasoline;342164
Great Britain;1998;Gasoline;337739
Great Britain;1999;Gasoline;304948
Great Britain;2000;Gasoline;315228
Great Britain;2001;Gasoline;2122502
Great Britain;2002;Gasoline;2042483
Great Britain;2003;Gasoline;1914145
Great Britain;2004;Gasoline;1748557
Great Britain;2005;Gasoline;1543643
Great Britain;2006;Gasoline;1438068
Great Britain;2007;Gasoline;1417510
Great Britain;2008;Gasoline;1183054
Great Britain;2009;Gasoline;1137885
Great Britain;2010;Gasoline;1060876
Great Britain;2011;Gasoline;924497
Great Britain;2012;Gasoline;967642
Great Britain;2013;Gasoline;1090405
Great Britain;2014;Gasoline;1173604
Great Britain;2015;Gasoline;1275931
Great Britain;2016;Gasoline;1313328
Great Britain;2017;Gasoline;1342150
Great Britain;2018;Gasoline;1459788
Great Britain;2019;Gasoline;1509951
Great Britain;2020;Gasoline;986852
Great Britain;2021;Gasoline;891229
Great Britain;2022;Gasoline;801434
Great Britain;2023;Gasoline;875971
Great Britain;2024;Gasoline;727886
Great Britain;2025;Gasoline;593927
Great Britain;1970;G-HEV;0
Great Britain;1971;G-HEV;0
Great Britain;1972;G-HEV;0
Great Britain;1973;G-HEV;0
Great Britain;1974;G-HEV;0
Great Britain;1975;G-HEV;0
Great Britain;1976;G-HEV;0
Great Britain;1977;G-HEV;0
Great Britain;1978;G-HEV;0
Great Britain;1979;G-HEV;0
Great Britain;1980;G-HEV;0
Great Britain;1981;G-HEV;0
Great Britain;1982;G-HEV;0
Great Britain;1983;G-HEV;0
Great Britain;1984;G-HEV;0
Great Britain;1985;G-HEV;0
Great Britain;1986;G-HEV;0
Great Britain;1987;G-HEV;0
Great Britain;1988;G-HEV;0
Great Britain;1989;G-HEV;0
Great Britain;1990;G-HEV;0
Great Britain;1991;G-HEV;0
Great Britain;1992;G-HEV;0
Great Britain;1993;G-HEV;0
Great Britain;1994;G-HEV;0
Great Britain;1995;G-HEV;0
Great Britain;1996;G-HEV;0
Great Britain;1997;G-HEV;0
Great Britain;1998;G-HEV;0
Great Britain;1999;G-HEV;0
Great Britain;2000;G-HEV;0
Great Britain;2001;G-HEV;632
Great Britain;2002;G-HEV;285
Great Britain;2003;G-HEV;377
Great Britain;2004;G-HEV;1555
Great Britain;2005;G-HEV;5374
Great Britain;2006;G-HEV;8843
Great Britain;2007;G-HEV;15892
Great Britain;2008;G-HEV;15273
Great Britain;2009;G-HEV;14462
Great Britain;2010;G-HEV;21799
Great Britain;2011;G-HEV;23014
Great Britain;2012;G-HEV;23118
Great Britain;2013;G-HEV;25466
Great Britain;2014;G-HEV;33553
Great Britain;2015;G-HEV;40231
Great Britain;2016;G-HEV;49338
Great Britain;2017;G-HEV;70123
Great Britain;2018;G-HEV;86207
Great Britain;2019;G-HEV;106938
Great Britain;2020;G-HEV;146628
Great Britain;2021;G-HEV;226411
Great Britain;2022;G-HEV;296033
Great Britain;2023;G-HEV;432352
Great Britain;2024;G-HEV;556585
Great Britain;2025;G-HEV;643466
Great Britain;1970;G-PHEV;0
Great Britain;1971;G-PHEV;0
Great Britain;1972;G-PHEV;0
Great Britain;1973;G-PHEV;0
Great Britain;1974;G-PHEV;0
Great Britain;1975;G-PHEV;0
Great Britain;1976;G-PHEV;0
Great Britain;1977;G-PHEV;0
Great Britain;1978;G-PHEV;0
Great Britain;1979;G-PHEV;0
Great Britain;1980;G-PHEV;0
Great Britain;1981;G-PHEV;0
Great Britain;1982;G-PHEV;0
Great Britain;1983;G-PHEV;0
Great Britain;1984;G-PHEV;0
Great Britain;1985;G-PHEV;0
Great Britain;1986;G-PHEV;0
Great Britain;1987;G-PHEV;0
Great Britain;1988;G-PHEV;0
Great Britain;1989;G-PHEV;0
Great Britain;1990;G-PHEV;0
Great Britain;1991;G-PHEV;0
Great Britain;1992;G-PHEV;0
Great Britain;1993;G-PHEV;0
Great Britain;1994;G-PHEV;0
Great Britain;1995;G-PHEV;0
Great Britain;1996;G-PHEV;0
Great Britain;1997;G-PHEV;0
Great Britain;1998;G-PHEV;0
Great Britain;1999;G-PHEV;0
Great Britain;2000;G-PHEV;0
Great Britain;2001;G-PHEV;4
Great Britain;2002;G-PHEV;1
Great Britain;2003;G-PHEV;0
Great Britain;2004;G-PHEV;0
Great Britain;2005;G-PHEV;0
Great Britain;2006;G-PHEV;0
Great Britain;2007;G-PHEV;0
Great Britain;2008;G-PHEV;0
Great Britain;2009;G-PHEV;1
Great Britain;2010;G-PHEV;22
Great Britain;2011;G-PHEV;13
Great Britain;2012;G-PHEV;558
Great Britain;2013;G-PHEV;593
Great Britain;2014;G-PHEV;6333
Great Britain;2015;G-PHEV;17126
Great Britain;2016;G-PHEV;25827
Great Britain;2017;G-PHEV;31758
Great Britain;2018;G-PHEV;41472
Great Britain;2019;G-PHEV;33572
Great Britain;2020;G-PHEV;63439
Great Britain;2021;G-PHEV;108625
Great Britain;2022;G-PHEV;96874
Great Britain;2023;G-PHEV;138336
Great Britain;2024;G-PHEV;164928
Great Britain;2025;G-PHEV;222644
Great Britain;2001;Other;9
Great Britain;2002;Other;3
Great Britain;2003;Other;6
Great Britain;2004;Other;8
Great Britain;2005;Other;14
Great Britain;2006;Other;69
Great Britain;2007;Other;198
Great Britain;2008;Other;48
Great Britain;2009;Other;11
Great Britain;2010;Other;83
Great Britain;2011;Other;8
Great Britain;2012;Other;7
Great Britain;2013;Other;4
Great Britain;2014;Other;2
Great Britain;2015;Other;8
Great Britain;2016;Other;2
Great Britain;2017;Other;3
Great Britain;2018;Other;3
Great Britain;2019;Other;4
Great Britain;2020;Other;6
Great Britain;2021;Other;3
Great Britain;2022;Other;3
Great Britain;2023;Other;2
Great Britain;2024;Other;3
Great Britain;2025;Other;1509
Great Britain;2001;REEV;0
Great Britain;2002;REEV;0
Great Britain;2003;REEV;0
Great Britain;2004;REEV;0
Great Britain;2005;REEV;0
Great Britain;2006;REEV;0
Great Britain;2007;REEV;0
Great Britain;2008;REEV;0
Great Britain;2009;REEV;0
Great Britain;2010;REEV;0
Great Britain;2011;REEV;4
Great Britain;2012;REEV;511
Great Britain;2013;REEV;392
Great Britain;2014;REEV;1342
Great Britain;2015;REEV;1697
Great Britain;2016;REEV;1899
Great Britain;2017;REEV;2468
Great Britain;2018;REEV;2150
Great Britain;2019;REEV;248
Great Britain;2020;REEV;53
Great Britain;2021;REEV;27
Great Britain;2022;REEV;68
Great Britain;2023;REEV;10
Great Britain;2024;REEV;2
Great Britain;2025;REEV;1
Great Britain;1970;Total;1116014
Great Britain;1971;Total;1132214
Great Britain;1972;Total;1148413
Great Britain;1973;Total;1164612
Great Britain;1974;Total;1180812
Great Britain;1975;Total;1197011
Great Britain;1976;Total;1338796
Great Britain;1977;Total;1480581
Great Britain;1978;Total;1622366
Great Britain;1979;Total;1764150
Great Britain;1980;Total;1566203
Great Britain;1981;Total;1539335
Great Britain;1982;Total;1676709
Great Britain;1983;Total;1937853
Great Britain;1984;Total;1893005
Great Britain;1985;Total;1982773
Great Britain;1986;Total;2024662
Great Britain;1987;Total;2165848
Great Britain;1988;Total;2382092
Great Britain;1989;Total;2479644
Great Britain;1990;Total;2008607
Great Britain;1991;Total;1592067
Great Britain;1992;Total;1593340
Great Britain;1993;Total;1778136
Great Britain;1994;Total;1910622
Great Britain;1995;Total;1945049
Great Britain;1996;Total;2025120
Great Britain;1997;Total;2170372
Great Britain;1998;Total;2247037
Great Britain;1999;Total;2197257
Great Britain;2000;Total;2221308
Great Britain;2001;Total;2585979
Great Britain;2002;Total;2682128
Great Britain;2003;Total;2646056
Great Britain;2004;Total;2599079
Great Britain;2005;Total;2443455
Great Britain;2006;Total;2340043
Great Britain;2007;Total;2390080
Great Britain;2008;Total;2111998
Great Britain;2009;Total;1968252
Great Britain;2010;Total;1996324
Great Britain;2011;Total;1907411
Great Britain;2012;Total;2010825
Great Britain;2013;Total;2225082
Great Britain;2014;Total;2438340
Great Britain;2015;Total;2602146
Great Britain;2016;Total;2665251
Great Britain;2017;Total;2509330
Great Britain;2018;Total;2341505
Great Britain;2019;Total;2295409
Great Britain;2020;Total;1619957
Great Britain;2021;Total;1640224
Great Britain;2022;Total;1613141
Great Britain;2023;Total;1899737
Great Britain;2024;Total;1950341
Great Britain;2025;Total;2025665
Finland;1970;BEV;0
Finland;1971;BEV;0
Finland;1972;BEV;0
Finland;1973;BEV;0
Finland;1974;BEV;0
Finland;1975;BEV;0
Finland;1976;BEV;0
Finland;1977;BEV;0
Finland;1978;BEV;0
Finland;1979;BEV;0
Finland;1980;BEV;0
Finland;1981;BEV;0
Finland;1982;BEV;0
Finland;1983;BEV;0
Finland;1984;BEV;0
Finland;1985;BEV;0
Finland;1986;BEV;0
Finland;1987;BEV;0
Finland;1988;BEV;0
Finland;1989;BEV;0
Finland;1990;BEV;0
Finland;1991;BEV;0
Finland;1992;BEV;0
Finland;1993;BEV;0
Finland;1994;BEV;0
Finland;1995;BEV;0
Finland;1996;BEV;0
Finland;1997;BEV;0
Finland;1998;BEV;0
Finland;1999;BEV;0
Finland;2000;BEV;0
Finland;2001;BEV;0
Finland;2002;BEV;0
Finland;2003;BEV;0
Finland;2004;BEV;0
Finland;2005;BEV;0
Finland;2006;BEV;0
Finland;2007;BEV;0
Finland;2008;BEV;5
Finland;2009;BEV;1
Finland;2010;BEV;15
Finland;2011;BEV;30
Finland;2012;BEV;51
Finland;2013;BEV;50
Finland;2014;BEV;183
Finland;2015;BEV;243
Finland;2016;BEV;223
Finland;2017;BEV;502
Finland;2018;BEV;776
Finland;2019;BEV;1897
Finland;2020;BEV;4245
Finland;2021;BEV;10153
Finland;2022;BEV;14531
Finland;2023;BEV;29537
Finland;2024;BEV;21871
Finland;2025;BEV;26748
Finland;2001;CNG;0
Finland;2002;CNG;0
Finland;2003;CNG;0
Finland;2004;CNG;0
Finland;2005;CNG;0
Finland;2006;CNG;3
Finland;2007;CNG;14
Finland;2008;CNG;26
Finland;2009;CNG;22
Finland;2010;CNG;10
Finland;2011;CNG;6
Finland;2012;CNG;18
Finland;2013;CNG;21
Finland;2014;CNG;37
Finland;2015;CNG;18
Finland;2016;CNG;38
Finland;2017;CNG;65
Finland;2018;CNG;182
Finland;2019;CNG;2135
Finland;2020;CNG;1841
Finland;2021;CNG;909
Finland;2022;CNG;595
Finland;2023;CNG;453
Finland;2024;CNG;114
Finland;2025;CNG;1
Finland;1970;Diesel;4760
Finland;1971;Diesel;3890
Finland;1972;Diesel;5234
Finland;1973;Diesel;6124
Finland;1974;Diesel;4987
Finland;1975;Diesel;6068
Finland;1976;Diesel;4784
Finland;1977;Diesel;4671
Finland;1978;Diesel;4185
Finland;1979;Diesel;5163
Finland;1980;Diesel;5349
Finland;1981;Diesel;5443
Finland;1982;Diesel;6637
Finland;1983;Diesel;6195
Finland;1984;Diesel;6586
Finland;1985;Diesel;7172
Finland;1986;Diesel;7426
Finland;1987;Diesel;7854
Finland;1988;Diesel;8999
Finland;1989;Diesel;9168
Finland;1990;Diesel;7211
Finland;1991;Diesel;4048
Finland;1992;Diesel;3451
Finland;1993;Diesel;4370
Finland;1994;Diesel;3745
Finland;1995;Diesel;5504
Finland;1996;Diesel;12949
Finland;1997;Diesel;15280
Finland;1998;Diesel;19725
Finland;1999;Diesel;22026
Finland;2000;Diesel;26330
Finland;2001;Diesel;18016
Finland;2002;Diesel;18196
Finland;2003;Diesel;22362
Finland;2004;Diesel;22103
Finland;2005;Diesel;25138
Finland;2006;Diesel;29512
Finland;2007;Diesel;35784
Finland;2008;Diesel;69308
Finland;2009;Diesel;41970
Finland;2010;Diesel;46760
Finland;2011;Diesel;53147
Finland;2012;Diesel;43039
Finland;2013;Diesel;38635
Finland;2014;Diesel;41353
Finland;2015;Diesel;38829
Finland;2016;Diesel;39463
Finland;2017;Diesel;36064
Finland;2018;Diesel;28936
Finland;2019;Diesel;21863
Finland;2020;Diesel;14133
Finland;2021;Diesel;10632
Finland;2022;Diesel;7046
Finland;2023;Diesel;5057
Finland;2024;Diesel;3812
Finland;2025;Diesel;3103
Finland;1970;D-PHEV;0
Finland;1971;D-PHEV;0
Finland;1972;D-PHEV;0
Finland;1973;D-PHEV;0
Finland;1974;D-PHEV;0
Finland;1975;D-PHEV;0
Finland;1976;D-PHEV;0
Finland;1977;D-PHEV;0
Finland;1978;D-PHEV;0
Finland;1979;D-PHEV;0
Finland;1980;D-PHEV;0
Finland;1981;D-PHEV;0
Finland;1982;D-PHEV;0
Finland;1983;D-PHEV;0
Finland;1984;D-PHEV;0
Finland;1985;D-PHEV;0
Finland;1986;D-PHEV;0
Finland;1987;D-PHEV;0
Finland;1988;D-PHEV;0
Finland;1989;D-PHEV;0
Finland;1990;D-PHEV;0
Finland;1991;D-PHEV;0
Finland;1992;D-PHEV;0
Finland;1993;D-PHEV;0
Finland;1994;D-PHEV;0
Finland;1995;D-PHEV;0
Finland;1996;D-PHEV;0
Finland;1997;D-PHEV;0
Finland;1998;D-PHEV;0
Finland;1999;D-PHEV;0
Finland;2000;D-PHEV;0
Finland;2001;D-PHEV;0
Finland;2002;D-PHEV;0
Finland;2003;D-PHEV;0
Finland;2004;D-PHEV;0
Finland;2005;D-PHEV;0
Finland;2006;D-PHEV;0
Finland;2007;D-PHEV;0
Finland;2008;D-PHEV;0
Finland;2009;D-PHEV;0
Finland;2010;D-PHEV;0
Finland;2011;D-PHEV;0
Finland;2012;D-PHEV;2
Finland;2013;D-PHEV;66
Finland;2014;D-PHEV;51
Finland;2015;D-PHEV;15
Finland;2016;D-PHEV;93
Finland;2017;D-PHEV;152
Finland;2018;D-PHEV;135
Finland;2019;D-PHEV;159
Finland;2020;D-PHEV;435
Finland;2021;D-PHEV;620
Finland;2022;D-PHEV;401
Finland;2023;D-PHEV;220
Finland;2024;D-PHEV;196
Finland;2025;D-PHEV;159
Finland;2001;FCEV;0
Finland;2002;FCEV;0
Finland;2003;FCEV;0
Finland;2004;FCEV;0
Finland;2005;FCEV;0
Finland;2006;FCEV;0
Finland;2007;FCEV;0
Finland;2008;FCEV;0
Finland;2009;FCEV;0
Finland;2010;FCEV;0
Finland;2011;FCEV;0
Finland;2012;FCEV;0
Finland;2013;FCEV;1
Finland;2014;FCEV;0
Finland;2015;FCEV;0
Finland;2016;FCEV;0
Finland;2017;FCEV;0
Finland;2018;FCEV;0
Finland;2019;FCEV;0
Finland;2020;FCEV;0
Finland;2021;FCEV;1
Finland;2022;FCEV;0
Finland;2023;FCEV;0
Finland;2024;FCEV;0
Finland;2025;FCEV;4
Finland;1970;Gasoline;87012
Finland;1971;Gasoline;71107
Finland;1972;Gasoline;95680
Finland;1973;Gasoline;111954
Finland;1974;Gasoline;91176
Finland;1975;Gasoline;110927
Finland;1976;Gasoline;87456
Finland;1977;Gasoline;85387
Finland;1978;Gasoline;76514
Finland;1979;Gasoline;94383
Finland;1980;Gasoline;97791
Finland;1981;Gasoline;99503
Finland;1982;Gasoline;121339
Finland;1983;Gasoline;113249
Finland;1984;Gasoline;120410
Finland;1985;Gasoline;131114
Finland;1986;Gasoline;135757
Finland;1987;Gasoline;143578
Finland;1988;Gasoline;164520
Finland;1989;Gasoline;167599
Finland;1990;Gasoline;131830
Finland;1991;Gasoline;88437
Finland;1992;Gasoline;65096
Finland;1993;Gasoline;51466
Finland;1994;Gasoline;63456
Finland;1995;Gasoline;74386
Finland;1996;Gasoline;82881
Finland;1997;Gasoline;89227
Finland;1998;Gasoline;106026
Finland;1999;Gasoline;114298
Finland;2000;Gasoline;108273
Finland;2001;Gasoline;91412
Finland;2002;Gasoline;98837
Finland;2003;Gasoline;125042
Finland;2004;Gasoline;120536
Finland;2005;Gasoline;123020
Finland;2006;Gasoline;116128
Finland;2007;Gasoline;89797
Finland;2008;Gasoline;70316
Finland;2009;Gasoline;48531
Finland;2010;Gasoline;64822
Finland;2011;Gasoline;72128
Finland;2012;Gasoline;66759
Finland;2013;Gasoline;64094
Finland;2014;Gasoline;63969
Finland;2015;Gasoline;69070
Finland;2016;Gasoline;77927
Finland;2017;Gasoline;79034
Finland;2018;Gasoline;84700
Finland;2019;Gasoline;82334
Finland;2020;Gasoline;62967
Finland;2021;Gasoline;56634
Finland;2022;Gasoline;43330
Finland;2023;Gasoline;34358
Finland;2024;Gasoline;33372
Finland;2025;Gasoline;27511
Finland;1970;G-PHEV;0
Finland;1971;G-PHEV;0
Finland;1972;G-PHEV;0
Finland;1973;G-PHEV;0
Finland;1974;G-PHEV;0
Finland;1975;G-PHEV;0
Finland;1976;G-PHEV;0
Finland;1977;G-PHEV;0
Finland;1978;G-PHEV;0
Finland;1979;G-PHEV;0
Finland;1980;G-PHEV;0
Finland;1981;G-PHEV;0
Finland;1982;G-PHEV;0
Finland;1983;G-PHEV;0
Finland;1984;G-PHEV;0
Finland;1985;G-PHEV;0
Finland;1986;G-PHEV;0
Finland;1987;G-PHEV;0
Finland;1988;G-PHEV;0
Finland;1989;G-PHEV;0
Finland;1990;G-PHEV;0
Finland;1991;G-PHEV;0
Finland;1992;G-PHEV;0
Finland;1993;G-PHEV;0
Finland;1994;G-PHEV;0
Finland;1995;G-PHEV;0
Finland;1996;G-PHEV;0
Finland;1997;G-PHEV;0
Finland;1998;G-PHEV;0
Finland;1999;G-PHEV;0
Finland;2000;G-PHEV;0
Finland;2001;G-PHEV;0
Finland;2002;G-PHEV;0
Finland;2003;G-PHEV;0
Finland;2004;G-PHEV;0
Finland;2005;G-PHEV;0
Finland;2006;G-PHEV;0
Finland;2007;G-PHEV;0
Finland;2008;G-PHEV;0
Finland;2009;G-PHEV;0
Finland;2010;G-PHEV;4
Finland;2011;G-PHEV;0
Finland;2012;G-PHEV;63
Finland;2013;G-PHEV;101
Finland;2014;G-PHEV;212
Finland;2015;G-PHEV;399
Finland;2016;G-PHEV;1115
Finland;2017;G-PHEV;2401
Finland;2018;G-PHEV;4797
Finland;2019;G-PHEV;5808
Finland;2020;G-PHEV;12797
Finland;2021;G-PHEV;19524
Finland;2022;G-PHEV;15770
Finland;2023;G-PHEV;17867
Finland;2024;G-PHEV;14667
Finland;2025;G-PHEV;14361
Finland;2001;Other;0
Finland;2002;Other;0
Finland;2003;Other;1
Finland;2004;Other;3
Finland;2005;Other;1
Finland;2006;Other;0
Finland;2007;Other;2
Finland;2008;Other;0
Finland;2009;Other;0
Finland;2010;Other;0
Finland;2011;Other;0
Finland;2012;Other;0
Finland;2013;Other;0
Finland;2014;Other;0
Finland;2015;Other;0
Finland;2016;Other;0
Finland;2017;Other;0
Finland;2018;Other;0
Finland;2019;Other;0
Finland;2020;Other;0
Finland;2021;Other;0
Finland;2022;Other;0
Finland;2023;Other;0
Finland;2024;Other;0
Finland;2025;Other;0
Finland;1970;Total;91772
Finland;1971;Total;74997
Finland;1972;Total;100914
Finland;1973;Total;118078
Finland;1974;Total;96163
Finland;1975;Total;116995
Finland;1976;Total;92240
Finland;1977;Total;90058
Finland;1978;Total;80699
Finland;1979;Total;99546
Finland;1980;Total;103140
Finland;1981;Total;104946
Finland;1982;Total;127976
Finland;1983;Total;119444
Finland;1984;Total;126996
Finland;1985;Total;138286
Finland;1986;Total;143183
Finland;1987;Total;151432
Finland;1988;Total;173519
Finland;1989;Total;176767
Finland;1990;Total;139041
Finland;1991;Total;92485
Finland;1992;Total;68547
Finland;1993;Total;55836
Finland;1994;Total;67201
Finland;1995;Total;79890
Finland;1996;Total;95830
Finland;1997;Total;104507
Finland;1998;Total;125751
Finland;1999;Total;136324
Finland;2000;Total;134603
Finland;2001;Total;109428
Finland;2002;Total;117034
Finland;2003;Total;147405
Finland;2004;Total;142642
Finland;2005;Total;148161
Finland;2006;Total;145700
Finland;2007;Total;125617
Finland;2008;Total;139669
Finland;2009;Total;90575
Finland;2010;Total;111989
Finland;2011;Total;126130
Finland;2012;Total;111258
Finland;2013;Total;103455
Finland;2014;Total;106235
Finland;2015;Total;108819
Finland;2016;Total;119000
Finland;2017;Total;118587
Finland;2018;Total;120505
Finland;2019;Total;114203
Finland;2020;Total;96418
Finland;2021;Total;98485
Finland;2022;Total;81700
Finland;2023;Total;87509
Finland;2024;Total;74075
Finland;2025;Total;71891
Netherlands;1970;BEV;0
Netherlands;1971;BEV;0
Netherlands;1972;BEV;0
Netherlands;1973;BEV;0
Netherlands;1974;BEV;0
Netherlands;1975;BEV;0
Netherlands;1976;BEV;0
Netherlands;1977;BEV;0
Netherlands;1978;BEV;0
Netherlands;1979;BEV;0
Netherlands;1980;BEV;0
Netherlands;1981;BEV;0
Netherlands;1982;BEV;0
Netherlands;1983;BEV;0
Netherlands;1984;BEV;0
Netherlands;1985;BEV;0
Netherlands;1986;BEV;0
Netherlands;1987;BEV;0
Netherlands;1988;BEV;0
Netherlands;1989;BEV;0
Netherlands;1990;BEV;0
Netherlands;1991;BEV;0
Netherlands;1992;BEV;0
Netherlands;1993;BEV;0
Netherlands;1994;BEV;0
Netherlands;1995;BEV;0
Netherlands;1996;BEV;0
Netherlands;1997;BEV;0
Netherlands;1998;BEV;0
Netherlands;1999;BEV;0
Netherlands;2000;BEV;0
Netherlands;2001;BEV;0
Netherlands;2002;BEV;0
Netherlands;2003;BEV;0
Netherlands;2004;BEV;0
Netherlands;2005;BEV;0
Netherlands;2006;BEV;0
Netherlands;2007;BEV;6
Netherlands;2008;BEV;7
Netherlands;2009;BEV;68
Netherlands;2010;BEV;122
Netherlands;2011;BEV;861
Netherlands;2012;BEV;828
Netherlands;2013;BEV;2619
Netherlands;2014;BEV;2911
Netherlands;2015;BEV;3193
Netherlands;2016;BEV;3988
Netherlands;2017;BEV;7958
Netherlands;2018;BEV;23985
Netherlands;2019;BEV;61547
Netherlands;2020;BEV;72859
Netherlands;2021;BEV;63658
Netherlands;2022;BEV;73250
Netherlands;2023;BEV;113968
Netherlands;2024;BEV;132167
Netherlands;2025;BEV;155964
Netherlands;1970;Diesel;60032
Netherlands;1971;Diesel;55932
Netherlands;1972;Diesel;60012
Netherlands;1973;Diesel;59713
Netherlands;1974;Diesel;56154
Netherlands;1975;Diesel;66667
Netherlands;1976;Diesel;70618
Netherlands;1977;Diesel;76542
Netherlands;1978;Diesel;80758
Netherlands;1979;Diesel;79869
Netherlands;1980;Diesel;62720
Netherlands;1981;Diesel;54304
Netherlands;1982;Diesel;56527
Netherlands;1983;Diesel;63768
Netherlands;1984;Diesel;64082
Netherlands;1985;Diesel;68845
Netherlands;1986;Diesel;77849
Netherlands;1987;Diesel;77187
Netherlands;1988;Diesel;67030
Netherlands;1989;Diesel;68905
Netherlands;1990;Diesel;69820
Netherlands;1991;Diesel;68160
Netherlands;1992;Diesel;68329
Netherlands;1993;Diesel;54435
Netherlands;1994;Diesel;60266
Netherlands;1995;Diesel;61998
Netherlands;1996;Diesel;72928
Netherlands;1997;Diesel;81610
Netherlands;1998;Diesel;110318
Netherlands;1999;Diesel;139581
Netherlands;2000;Diesel;134418
Netherlands;2001;Diesel;120944
Netherlands;2002;Diesel;136700
Netherlands;2003;Diesel;130874
Netherlands;2004;Diesel;129511
Netherlands;2005;Diesel;124509
Netherlands;2006;Diesel;130040
Netherlands;2007;Diesel;143357
Netherlands;2008;Diesel;125996
Netherlands;2009;Diesel;78332
Netherlands;2010;Diesel;98675
Netherlands;2011;Diesel;156834
Netherlands;2012;Diesel;142807
Netherlands;2013;Diesel;103557
Netherlands;2014;Diesel;105014
Netherlands;2015;Diesel;129768
Netherlands;2016;Diesel;72355
Netherlands;2017;Diesel;72265
Netherlands;2018;Diesel;56996
Netherlands;2019;Diesel;32685
Netherlands;2020;Diesel;12963
Netherlands;2021;Diesel;6920
Netherlands;2022;Diesel;4638
Netherlands;2023;Diesel;3966
Netherlands;2024;Diesel;3765
Netherlands;2025;Diesel;3993
Netherlands;1970;Gasoline;371812
Netherlands;1971;Gasoline;346415
Netherlands;1972;Gasoline;371684
Netherlands;1973;Gasoline;369833
Netherlands;1974;Gasoline;347795
Netherlands;1975;Gasoline;412903
Netherlands;1976;Gasoline;437377
Netherlands;1977;Gasoline;474066
Netherlands;1978;Gasoline;500179
Netherlands;1979;Gasoline;494674
Netherlands;1980;Gasoline;388462
Netherlands;1981;Gasoline;336335
Netherlands;1982;Gasoline;350100
Netherlands;1983;Gasoline;394950
Netherlands;1984;Gasoline;396895
Netherlands;1985;Gasoline;426393
Netherlands;1986;Gasoline;482159
Netherlands;1987;Gasoline;478058
Netherlands;1988;Gasoline;415154
Netherlands;1989;Gasoline;426766
Netherlands;1990;Gasoline;432434
Netherlands;1991;Gasoline;422155
Netherlands;1992;Gasoline;423200
Netherlands;1993;Gasoline;337148
Netherlands;1994;Gasoline;373258
Netherlands;1995;Gasoline;383990
Netherlands;1996;Gasoline;399607
Netherlands;1997;Gasoline;396257
Netherlands;1998;Gasoline;432059
Netherlands;1999;Gasoline;471274
Netherlands;2000;Gasoline;462412
Netherlands;2001;Gasoline;408305
Netherlands;2002;Gasoline;363438
Netherlands;2003;Gasoline;347949
Netherlands;2004;Gasoline;344326
Netherlands;2005;Gasoline;331027
Netherlands;2006;Gasoline;342397
Netherlands;2007;Gasoline;351671
Netherlands;2008;Gasoline;352478
Netherlands;2009;Gasoline;288019
Netherlands;2010;Gasoline;364054
Netherlands;2011;Gasoline;374811
Netherlands;2012;Gasoline;323370
Netherlands;2013;Gasoline;264586
Netherlands;2014;Gasoline;248692
Netherlands;2015;Gasoline;258663
Netherlands;2016;Gasoline;274727
Netherlands;2017;Gasoline;310876
Netherlands;2018;Gasoline;334400
Netherlands;2019;Gasoline;316274
Netherlands;2020;Gasoline;205008
Netherlands;2021;Gasoline;146821
Netherlands;2022;Gasoline;119401
Netherlands;2023;Gasoline;112216
Netherlands;2024;Gasoline;83235
Netherlands;2025;Gasoline;50720
Netherlands;1970;HEV;0
Netherlands;1971;HEV;0
Netherlands;1972;HEV;0
Netherlands;1973;HEV;0
Netherlands;1974;HEV;0
Netherlands;1975;HEV;0
Netherlands;1976;HEV;0
Netherlands;1977;HEV;0
Netherlands;1978;HEV;0
Netherlands;1979;HEV;0
Netherlands;1980;HEV;0
Netherlands;1981;HEV;0
Netherlands;1982;HEV;0
Netherlands;1983;HEV;0
Netherlands;1984;HEV;0
Netherlands;1985;HEV;0
Netherlands;1986;HEV;0
Netherlands;1987;HEV;0
Netherlands;1988;HEV;0
Netherlands;1989;HEV;0
Netherlands;1990;HEV;0
Netherlands;1991;HEV;0
Netherlands;1992;HEV;0
Netherlands;1993;HEV;0
Netherlands;1994;HEV;0
Netherlands;1995;HEV;0
Netherlands;1996;HEV;0
Netherlands;1997;HEV;0
Netherlands;1998;HEV;0
Netherlands;1999;HEV;0
Netherlands;2000;HEV;0
Netherlands;2001;HEV;0
Netherlands;2002;HEV;0
Netherlands;2003;HEV;0
Netherlands;2004;HEV;0
Netherlands;2005;HEV;0
Netherlands;2006;HEV;0
Netherlands;2007;HEV;3124
Netherlands;2008;HEV;11811
Netherlands;2009;HEV;16283
Netherlands;2010;HEV;16074
Netherlands;2011;HEV;14811
Netherlands;2012;HEV;21145
Netherlands;2013;HEV;23329
Netherlands;2014;HEV;14477
Netherlands;2015;HEV;14969
Netherlands;2016;HEV;11033
Netherlands;2017;HEV;17743
Netherlands;2018;HEV;20706
Netherlands;2019;HEV;23187
Netherlands;2020;HEV;24776
Netherlands;2021;HEV;27785
Netherlands;2022;HEV;34853
Netherlands;2023;HEV;40229
Netherlands;2024;HEV;52223
Netherlands;2025;HEV;51871
Netherlands;1970;LPG;387
Netherlands;1971;LPG;361
Netherlands;1972;LPG;387
Netherlands;1973;LPG;385
Netherlands;1974;LPG;362
Netherlands;1975;LPG;430
Netherlands;1976;LPG;456
Netherlands;1977;LPG;494
Netherlands;1978;LPG;521
Netherlands;1979;LPG;515
Netherlands;1980;LPG;405
Netherlands;1981;LPG;350
Netherlands;1982;LPG;365
Netherlands;1983;LPG;411
Netherlands;1984;LPG;413
Netherlands;1985;LPG;444
Netherlands;1986;LPG;502
Netherlands;1987;LPG;498
Netherlands;1988;LPG;432
Netherlands;1989;LPG;445
Netherlands;1990;LPG;450
Netherlands;1991;LPG;440
Netherlands;1992;LPG;441
Netherlands;1993;LPG;351
Netherlands;1994;LPG;389
Netherlands;1995;LPG;400
Netherlands;1996;LPG;939
Netherlands;1997;LPG;451
Netherlands;1998;LPG;733
Netherlands;1999;LPG;921
Netherlands;2000;LPG;793
Netherlands;2001;LPG;1038
Netherlands;2002;LPG;10606
Netherlands;2003;LPG;10154
Netherlands;2004;LPG;10048
Netherlands;2005;LPG;9660
Netherlands;2006;LPG;11562
Netherlands;2007;LPG;7505
Netherlands;2008;LPG;9628
Netherlands;2009;LPG;3382
Netherlands;2010;LPG;3064
Netherlands;2011;LPG;7140
Netherlands;2012;LPG;8779
Netherlands;2013;LPG;2081
Netherlands;2014;LPG;998
Netherlands;2015;LPG;362
Netherlands;2016;LPG;860
Netherlands;2017;LPG;1200
Netherlands;2018;LPG;969
Netherlands;2019;LPG;520
Netherlands;2020;LPG;1921
Netherlands;2021;LPG;2229
Netherlands;2022;LPG;2285
Netherlands;2023;LPG;2362
Netherlands;2024;LPG;2189
Netherlands;2025;LPG;1366
Netherlands;1970;M-HEV;0
Netherlands;1971;M-HEV;0
Netherlands;1972;M-HEV;0
Netherlands;1973;M-HEV;0
Netherlands;1974;M-HEV;0
Netherlands;1975;M-HEV;0
Netherlands;1976;M-HEV;0
Netherlands;1977;M-HEV;0
Netherlands;1978;M-HEV;0
Netherlands;1979;M-HEV;0
Netherlands;1980;M-HEV;0
Netherlands;1981;M-HEV;0
Netherlands;1982;M-HEV;0
Netherlands;1983;M-HEV;0
Netherlands;1984;M-HEV;0
Netherlands;1985;M-HEV;0
Netherlands;1986;M-HEV;0
Netherlands;1987;M-HEV;0
Netherlands;1988;M-HEV;0
Netherlands;1989;M-HEV;0
Netherlands;1990;M-HEV;0
Netherlands;1991;M-HEV;0
Netherlands;1992;M-HEV;0
Netherlands;1993;M-HEV;0
Netherlands;1994;M-HEV;0
Netherlands;1995;M-HEV;0
Netherlands;1996;M-HEV;0
Netherlands;1997;M-HEV;0
Netherlands;1998;M-HEV;0
Netherlands;1999;M-HEV;0
Netherlands;2000;M-HEV;0
Netherlands;2001;M-HEV;0
Netherlands;2002;M-HEV;0
Netherlands;2003;M-HEV;0
Netherlands;2004;M-HEV;0
Netherlands;2005;M-HEV;0
Netherlands;2006;M-HEV;0
Netherlands;2007;M-HEV;0
Netherlands;2008;M-HEV;0
Netherlands;2009;M-HEV;0
Netherlands;2010;M-HEV;0
Netherlands;2011;M-HEV;0
Netherlands;2012;M-HEV;2
Netherlands;2013;M-HEV;2
Netherlands;2014;M-HEV;5
Netherlands;2015;M-HEV;955
Netherlands;2016;M-HEV;280
Netherlands;2017;M-HEV;1816
Netherlands;2018;M-HEV;2265
Netherlands;2019;M-HEV;5642
Netherlands;2020;M-HEV;22772
Netherlands;2021;M-HEV;43575
Netherlands;2022;M-HEV;42727
Netherlands;2023;M-HEV;49722
Netherlands;2024;M-HEV;55104
Netherlands;2025;M-HEV;50240
Netherlands;1970;PHEV;0
Netherlands;1971;PHEV;0
Netherlands;1972;PHEV;0
Netherlands;1973;PHEV;0
Netherlands;1974;PHEV;0
Netherlands;1975;PHEV;0
Netherlands;1976;PHEV;0
Netherlands;1977;PHEV;0
Netherlands;1978;PHEV;0
Netherlands;1979;PHEV;0
Netherlands;1980;PHEV;0
Netherlands;1981;PHEV;0
Netherlands;1982;PHEV;0
Netherlands;1983;PHEV;0
Netherlands;1984;PHEV;0
Netherlands;1985;PHEV;0
Netherlands;1986;PHEV;0
Netherlands;1987;PHEV;0
Netherlands;1988;PHEV;0
Netherlands;1989;PHEV;0
Netherlands;1990;PHEV;0
Netherlands;1991;PHEV;0
Netherlands;1992;PHEV;0
Netherlands;1993;PHEV;0
Netherlands;1994;PHEV;0
Netherlands;1995;PHEV;0
Netherlands;1996;PHEV;0
Netherlands;1997;PHEV;0
Netherlands;1998;PHEV;0
Netherlands;1999;PHEV;0
Netherlands;2000;PHEV;0
Netherlands;2001;PHEV;0
Netherlands;2002;PHEV;0
Netherlands;2003;PHEV;0
Netherlands;2004;PHEV;0
Netherlands;2005;PHEV;0
Netherlands;2006;PHEV;0
Netherlands;2007;Other;111
Netherlands;2008;Other;152
Netherlands;2009;Other;1318
Netherlands;2010;Other;606
Netherlands;2011;Other;1328
Netherlands;2012;Other;1187
Netherlands;2013;Other;548
Netherlands;2014;Other;3226
Netherlands;2015;Other;701
Netherlands;2016;Other;666
Netherlands;2017;Other;1275
Netherlands;2018;Other;1006
Netherlands;2019;Other;451
Netherlands;2020;Other;207
Netherlands;2021;Other;161
Netherlands;2022;Other;106
Netherlands;2023;Other;45
Netherlands;2024;Other;0
Netherlands;2025;Other;1
Netherlands;2007;PHEV;0
Netherlands;2008;PHEV;0
Netherlands;2009;PHEV;0
Netherlands;2010;PHEV;21
Netherlands;2011;PHEV;36
Netherlands;2012;PHEV;1217
Netherlands;2013;PHEV;16952
Netherlands;2014;PHEV;11833
Netherlands;2015;PHEV;39763
Netherlands;2016;PHEV;18563
Netherlands;2017;PHEV;1152
Netherlands;2018;PHEV;3150
Netherlands;2019;PHEV;4904
Netherlands;2020;PHEV;14890
Netherlands;2021;PHEV;31114
Netherlands;2022;PHEV;34734
Netherlands;2023;PHEV;47099
Netherlands;2024;PHEV;52754
Netherlands;2025;PHEV;73201
Netherlands;1970;Total;432231
Netherlands;1971;Total;402708
Netherlands;1972;Total;432083
Netherlands;1973;Total;429931
Netherlands;1974;Total;404312
Netherlands;1975;Total;480000
Netherlands;1976;Total;508451
Netherlands;1977;Total;551102
Netherlands;1978;Total;581458
Netherlands;1979;Total;575059
Netherlands;1980;Total;451587
Netherlands;1981;Total;390990
Netherlands;1982;Total;406991
Netherlands;1983;Total;459129
Netherlands;1984;Total;461391
Netherlands;1985;Total;495682
Netherlands;1986;Total;560510
Netherlands;1987;Total;555743
Netherlands;1988;Total;482616
Netherlands;1989;Total;496115
Netherlands;1990;Total;502704
Netherlands;1991;Total;490755
Netherlands;1992;Total;491970
Netherlands;1993;Total;391934
Netherlands;1994;Total;433913
Netherlands;1995;Total;446388
Netherlands;1996;Total;473474
Netherlands;1997;Total;478318
Netherlands;1998;Total;543110
Netherlands;1999;Total;611776
Netherlands;2000;Total;597623
Netherlands;2001;Total;530287
Netherlands;2002;Total;510744
Netherlands;2003;Total;488977
Netherlands;2004;Total;483885
Netherlands;2005;Total;465196
Netherlands;2006;Total;483999
Netherlands;2007;Total;505779
Netherlands;2008;Total;500098
Netherlands;2009;Total;387408
Netherlands;2010;Total;482633
Netherlands;2011;Total;555846
Netherlands;2012;Total;502479
Netherlands;2013;Total;416717
Netherlands;2014;Total;387568
Netherlands;2015;Total;448906
Netherlands;2016;Total;382512
Netherlands;2017;Total;414306
Netherlands;2018;Total;443529
Netherlands;2019;Total;445218
Netherlands;2020;Total;355432
Netherlands;2021;Total;322318
Netherlands;2022;Total;312070
Netherlands;2023;Total;369635
Netherlands;2024;Total;381463
Netherlands;2025;Total;387583
Switzerland;2025;BEV;52843
Switzerland;2025;CNG;7
Switzerland;2025;D-HEV;10471
Switzerland;2025;Diesel;15752
Switzerland;2025;D-PHEV;520
Switzerland;2025;FCEV;4
Switzerland;2025;Gasoline;55832
Switzerland;2025;G-HEV;71674
Switzerland;2025;G-PHEV;25499
Switzerland;2025;Other;0
Switzerland;2025;Total;232602
Germany;1970;BEV;0
Germany;1970;Diesel;234408
Germany;1970;Gasoline;1872715
Germany;1970;Other;0
Germany;1970;Total;2107123
Germany;1971;BEV;0
Germany;1971;Diesel;239351
Germany;1971;Gasoline;1912206
Germany;1971;Other;0
Germany;1971;Total;2151557
Germany;1972;BEV;0
Germany;1972;Diesel;238395
Germany;1972;Gasoline;1904568
Germany;1972;Other;0
Germany;1972;Total;2142963
Germany;1973;BEV;0
Germany;1973;Diesel;225940
Germany;1973;Gasoline;1805061
Germany;1973;Other;0
Germany;1973;Total;2031001
Germany;1974;BEV;0
Germany;1974;Diesel;188340
Germany;1974;Gasoline;1504670
Germany;1974;Other;0
Germany;1974;Total;1693010
Germany;1975;BEV;0
Germany;1975;Diesel;234289
Germany;1975;Gasoline;1871759
Germany;1975;Other;0
Germany;1975;Total;2106048
Germany;1976;BEV;0
Germany;1976;Diesel;257207
Germany;1976;Gasoline;2054860
Germany;1976;Other;0
Germany;1976;Total;2312067
Germany;1977;BEV;0
Germany;1977;Diesel;284931
Germany;1977;Gasoline;2276347
Germany;1977;Other;0
Germany;1977;Total;2561278
Germany;1978;BEV;0
Germany;1978;Diesel;296331
Germany;1978;Gasoline;2367423
Germany;1978;Other;0
Germany;1978;Total;2663754
Germany;1979;BEV;0
Germany;1979;Diesel;291842
Germany;1979;Gasoline;2331557
Germany;1979;Other;0
Germany;1979;Total;2623399
Germany;1980;BEV;0
Germany;1980;Diesel;269903
Germany;1980;Gasoline;2156284
Germany;1980;Other;0
Germany;1980;Total;2426187
Germany;1981;BEV;0
Germany;1981;Diesel;259240
Germany;1981;Gasoline;2071095
Germany;1981;Other;0
Germany;1981;Total;2330335
Germany;1982;BEV;0
Germany;1982;Diesel;239794
Germany;1982;Gasoline;1915743
Germany;1982;Other;0
Germany;1982;Total;2155537
Germany;1983;BEV;0
Germany;1983;Diesel;269968
Germany;1983;Gasoline;2156806
Germany;1983;Other;0
Germany;1983;Total;2426774
Germany;1984;BEV;0
Germany;1984;Diesel;266315
Germany;1984;Gasoline;2127624
Germany;1984;Other;0
Germany;1984;Total;2393939
Germany;1985;BEV;0
Germany;1985;Diesel;264683
Germany;1985;Gasoline;2114578
Germany;1985;Other;0
Germany;1985;Total;2379261
Germany;1986;BEV;0
Germany;1986;Diesel;314763
Germany;1986;Gasoline;2514675
Germany;1986;Other;0
Germany;1986;Total;2829438
Germany;1987;BEV;0
Germany;1987;Diesel;324354
Germany;1987;Gasoline;2591300
Germany;1987;Other;0
Germany;1987;Total;2915654
Germany;1988;BEV;0
Germany;1988;Diesel;312371
Germany;1988;Gasoline;2495568
Germany;1988;Other;0
Germany;1988;Total;2807939
Germany;1989;BEV;0
Germany;1989;Diesel;315019
Germany;1989;Gasoline;2516721
Germany;1989;Other;0
Germany;1989;Total;2831740
Germany;1990;BEV;0
Germany;1990;Diesel;337640
Germany;1990;Gasoline;2702509
Germany;1990;Other;634
Germany;1990;Total;3040783
Germany;1991;BEV;0
Germany;1991;Diesel;492811
Germany;1991;Gasoline;3665110
Germany;1991;Other;753
Germany;1991;Total;4158674
Germany;1992;BEV;0
Germany;1992;Diesel;494022
Germany;1992;Gasoline;3435536
Germany;1992;Other;0
Germany;1992;Total;3929558
Germany;1993;BEV;0
Germany;1993;Diesel;424253
Germany;1993;Gasoline;2769951
Germany;1993;Other;0
Germany;1993;Total;3194204
Germany;1994;BEV;0
Germany;1994;Diesel;448667
Germany;1994;Gasoline;2760557
Germany;1994;Other;0
Germany;1994;Total;3209224
Germany;1995;BEV;0
Germany;1995;Diesel;483517
Germany;1995;Gasoline;2830278
Germany;1995;Other;266
Germany;1995;Total;3314061
Germany;1996;BEV;0
Germany;1996;Diesel;622159
Germany;1996;Gasoline;2873432
Germany;1996;Other;729
Germany;1996;Total;3496320
Germany;1997;BEV;0
Germany;1997;Diesel;740029
Germany;1997;Gasoline;2786965
Germany;1997;Other;1185
Germany;1997;Total;3528179
Germany;1998;BEV;0
Germany;1998;Diesel;901514
Germany;1998;Gasoline;2832745
Germany;1998;Other;1728
Germany;1998;Total;3735987
Germany;1999;BEV;0
Germany;1999;Diesel;1036556
Germany;1999;Gasoline;2763384
Germany;1999;Other;2236
Germany;1999;Total;3802176
Germany;2000;BEV;0
Germany;2000;Diesel;1026002
Germany;2000;Gasoline;2349934
Germany;2000;Other;2407
Germany;2000;Total;3378343
Germany;2001;BEV;9
Germany;2001;Diesel;1096278
Germany;2001;Gasoline;2240883
Germany;2001;Other;4557
Germany;2001;Total;3341718
Germany;2002;BEV;18
Germany;2002;Diesel;1146717
Germany;2002;Gasoline;2099618
Germany;2002;Other;6563
Germany;2002;Total;3252898
Germany;2003;BEV;27
Germany;2003;Diesel;1220619
Germany;2003;Gasoline;2007663
Germany;2003;Other;8656
Germany;2003;Total;3236938
Germany;2004;BEV;37
Germany;2004;Diesel;1312499
Germany;2004;Gasoline;1943436
Germany;2004;Other;10891
Germany;2004;Total;3266826
Germany;2005;BEV;47
Germany;2005;Diesel;1425576
Germany;2005;Gasoline;1903190
Germany;2005;Other;13356
Germany;2005;Total;3342122
Germany;2006;BEV;155
Germany;2006;Diesel;1474570
Germany;2006;Gasoline;1976819
Germany;2006;Other;16572
Germany;2006;Total;3467961
Germany;2007;BEV;243
Germany;2007;Diesel;1334114
Germany;2007;Gasoline;1796410
Germany;2007;Other;17639
Germany;2007;Total;3148163
Germany;2008;BEV;344
Germany;2008;Diesel;1304844
Germany;2008;Gasoline;1765195
Germany;2008;Other;20001
Germany;2008;Total;3090040
Germany;2009;BEV;561
Germany;2009;Diesel;1601632
Germany;2009;Gasoline;2177400
Germany;2009;Other;28143
Germany;2009;Total;3807175
Germany;2010;BEV;541
Germany;2010;Diesel;1221938
Germany;2010;Gasoline;1669927
Germany;2010;Other;24395
Germany;2010;Total;2916260
Germany;2011;BEV;2154
Germany;2011;Diesel;1495966
Germany;2011;Gasoline;1651637
Germany;2011;Other;26031
Germany;2011;Total;3173634
Germany;2012;BEV;2956
Germany;2012;Diesel;1486119
Germany;2012;Gasoline;1555241
Germany;2012;Other;41144
Germany;2012;Total;3082504
Germany;2013;BEV;6051
Germany;2013;Diesel;1405497
Germany;2013;Gasoline;1525363
Germany;2013;Other;15520
Germany;2013;Total;2952431
Germany;2014;BEV;8522
Germany;2014;Diesel;1454414
Germany;2014;Gasoline;1554785
Germany;2014;Other;19052
Germany;2014;Total;3036773
Germany;2015;BEV;12363
Germany;2015;Diesel;1544313
Germany;2015;Gasoline;1628055
Germany;2015;Other;21311
Germany;2015;Total;3206042
Germany;2016;BEV;11410
Germany;2016;Diesel;1541620
Germany;2016;Gasoline;1778536
Germany;2016;Other;20041
Germany;2016;Total;3351607
Germany;2017;BEV;25056
Germany;2017;Diesel;1338004
Germany;2017;Gasoline;2040510
Germany;2017;Other;37692
Germany;2017;Total;3441262
Germany;2018;BEV;36062
Germany;2018;Diesel;1128442
Germany;2018;Gasoline;2224206
Germany;2018;Other;47068
Germany;2018;Total;3435778
Germany;2019;BEV;63281
Germany;2019;Diesel;1222835
Germany;2019;Gasoline;2260692
Germany;2019;Other;60450
Germany;2019;Total;3607258
Germany;2020;BEV;194163
Germany;2020;Diesel;926905
Germany;2020;Gasoline;1582109
Germany;2020;Other;214501
Germany;2020;Total;2917678
Germany;2021;BEV;355961
Germany;2021;Diesel;667680
Germany;2021;Gasoline;1258526
Germany;2021;Other;339965
Germany;2021;Total;2622132
Germany;2022;BEV;470559
Germany;2022;Diesel;625409
Germany;2022;Gasoline;1175581
Germany;2022;Other;379808
Germany;2022;Total;2651357
Germany;2023;BEV;524219
Germany;2023;Diesel;694730
Germany;2023;Gasoline;1435166
Germany;2023;Other;190494
Germany;2023;Total;2844609
Germany;2024;BEV;380609
Germany;2024;Diesel;667259
Germany;2024;Gasoline;1563498
Germany;2024;Other;205965
Germany;2024;Total;2817331
Germany;2025;BEV;545142
Germany;2025;Diesel;561241
Germany;2025;Gasoline;1427521
Germany;2025;Other;323687
Germany;2025;Total;2857591
Germany;1970;CNG;0
Germany;1971;CNG;0
Germany;1972;CNG;0
Germany;1973;CNG;0
Germany;1974;CNG;0
Germany;1975;CNG;0
Germany;1976;CNG;0
Germany;1977;CNG;0
Germany;1978;CNG;0
Germany;1979;CNG;0
Germany;1980;CNG;0
Germany;1981;CNG;0
Germany;1982;CNG;0
Germany;1983;CNG;0
Germany;1984;CNG;0
Germany;1985;CNG;0
Germany;1986;CNG;0
Germany;1987;CNG;0
Germany;1988;CNG;0
Germany;1989;CNG;0
Germany;1990;CNG;0
Germany;1991;CNG;0
Germany;1992;CNG;0
Germany;1993;CNG;0
Germany;1994;CNG;0
Germany;1995;CNG;0
Germany;1996;CNG;0
Germany;1997;CNG;0
Germany;1998;CNG;0
Germany;1999;CNG;0
Germany;2000;CNG;0
Germany;2001;CNG;0
Germany;2002;CNG;0
Germany;2003;CNG;0
Germany;2004;CNG;0
Germany;2005;CNG;0
Germany;2006;CNG;0
Germany;2007;CNG;0
Germany;2008;CNG;0
Germany;2009;CNG;0
Germany;2010;CNG;0
Germany;2011;CNG;0
Germany;2012;CNG;0
Germany;2013;CNG;0
Germany;2014;CNG;0
Germany;2015;CNG;0
Germany;2016;CNG;0
Germany;2017;CNG;0
Germany;2018;CNG;0
Germany;2019;CNG;0
Germany;2020;CNG;0
Germany;2021;CNG;0
Germany;2022;CNG;0
Germany;2023;CNG;0
Germany;2024;CNG;0
Germany;2025;CNG;0
Germany;1970;D-HEV;0
Germany;1971;D-HEV;0
Germany;1972;D-HEV;0
Germany;1973;D-HEV;0
Germany;1974;D-HEV;0
Germany;1975;D-HEV;0
Germany;1976;D-HEV;0
Germany;1977;D-HEV;0
Germany;1978;D-HEV;0
Germany;1979;D-HEV;0
Germany;1980;D-HEV;0
Germany;1981;D-HEV;0
Germany;1982;D-HEV;0
Germany;1983;D-HEV;0
Germany;1984;D-HEV;0
Germany;1985;D-HEV;0
Germany;1986;D-HEV;0
Germany;1987;D-HEV;0
Germany;1988;D-HEV;0
Germany;1989;D-HEV;0
Germany;1990;D-HEV;0
Germany;1991;D-HEV;0
Germany;1992;D-HEV;0
Germany;1993;D-HEV;0
Germany;1994;D-HEV;0
Germany;1995;D-HEV;0
Germany;1996;D-HEV;0
Germany;1997;D-HEV;0
Germany;1998;D-HEV;0
Germany;1999;D-HEV;0
Germany;2000;D-HEV;0
Germany;2001;D-HEV;0
Germany;2002;D-HEV;0
Germany;2003;D-HEV;0
Germany;2004;D-HEV;0
Germany;2005;D-HEV;0
Germany;2006;D-HEV;0
Germany;2007;D-HEV;0
Germany;2008;D-HEV;0
Germany;2009;D-HEV;0
Germany;2010;D-HEV;0
Germany;2011;D-HEV;0
Germany;2012;D-HEV;0
Germany;2013;D-HEV;0
Germany;2014;D-HEV;0
Germany;2015;D-HEV;0
Germany;2016;D-HEV;0
Germany;2017;D-HEV;0
Germany;2018;D-HEV;0
Germany;2019;D-HEV;0
Germany;2020;D-HEV;0
Germany;2021;D-HEV;0
Germany;2022;D-HEV;0
Germany;2023;D-HEV;0
Germany;2024;D-HEV;0
Germany;2025;D-HEV;0
Germany;1970;D-PHEV;0
Germany;1971;D-PHEV;0
Germany;1972;D-PHEV;0
Germany;1973;D-PHEV;0
Germany;1974;D-PHEV;0
Germany;1975;D-PHEV;0
Germany;1976;D-PHEV;0
Germany;1977;D-PHEV;0
Germany;1978;D-PHEV;0
Germany;1979;D-PHEV;0
Germany;1980;D-PHEV;0
Germany;1981;D-PHEV;0
Germany;1982;D-PHEV;0
Germany;1983;D-PHEV;0
Germany;1984;D-PHEV;0
Germany;1985;D-PHEV;0
Germany;1986;D-PHEV;0
Germany;1987;D-PHEV;0
Germany;1988;D-PHEV;0
Germany;1989;D-PHEV;0
Germany;1990;D-PHEV;0
Germany;1991;D-PHEV;0
Germany;1992;D-PHEV;0
Germany;1993;D-PHEV;0
Germany;1994;D-PHEV;0
Germany;1995;D-PHEV;0
Germany;1996;D-PHEV;0
Germany;1997;D-PHEV;0
Germany;1998;D-PHEV;0
Germany;1999;D-PHEV;0
Germany;2000;D-PHEV;0
Germany;2001;D-PHEV;0
Germany;2002;D-PHEV;0
Germany;2003;D-PHEV;0
Germany;2004;D-PHEV;0
Germany;2005;D-PHEV;0
Germany;2006;D-PHEV;0
Germany;2007;D-PHEV;0
Germany;2008;D-PHEV;0
Germany;2009;D-PHEV;0
Germany;2010;D-PHEV;0
Germany;2011;D-PHEV;0
Germany;2012;D-PHEV;0
Germany;2013;D-PHEV;0
Germany;2014;D-PHEV;0
Germany;2015;D-PHEV;0
Germany;2016;D-PHEV;0
Germany;2017;D-PHEV;0
Germany;2018;D-PHEV;0
Germany;2019;D-PHEV;0
Germany;2020;D-PHEV;0
Germany;2021;D-PHEV;0
Germany;2022;D-PHEV;0
Germany;2023;D-PHEV;0
Germany;2024;D-PHEV;0
Germany;2025;D-PHEV;0
Germany;1970;FCEV;0
Germany;1971;FCEV;0
Germany;1972;FCEV;0
Germany;1973;FCEV;0
Germany;1974;FCEV;0
Germany;1975;FCEV;0
Germany;1976;FCEV;0
Germany;1977;FCEV;0
Germany;1978;FCEV;0
Germany;1979;FCEV;0
Germany;1980;FCEV;0
Germany;1981;FCEV;0
Germany;1982;FCEV;0
Germany;1983;FCEV;0
Germany;1984;FCEV;0
Germany;1985;FCEV;0
Germany;1986;FCEV;0
Germany;1987;FCEV;0
Germany;1988;FCEV;0
Germany;1989;FCEV;0
Germany;1990;FCEV;0
Germany;1991;FCEV;0
Germany;1992;FCEV;0
Germany;1993;FCEV;0
Germany;1994;FCEV;0
Germany;1995;FCEV;0
Germany;1996;FCEV;0
Germany;1997;FCEV;0
Germany;1998;FCEV;0
Germany;1999;FCEV;0
Germany;2000;FCEV;0
Germany;2001;FCEV;0
Germany;2002;FCEV;0
Germany;2003;FCEV;0
Germany;2004;FCEV;0
Germany;2005;FCEV;0
Germany;2006;FCEV;0
Germany;2007;FCEV;0
Germany;2008;FCEV;0
Germany;2009;FCEV;0
Germany;2010;FCEV;0
Germany;2011;FCEV;0
Germany;2012;FCEV;0
Germany;2013;FCEV;0
Germany;2014;FCEV;0
Germany;2015;FCEV;0
Germany;2016;FCEV;0
Germany;2017;FCEV;0
Germany;2018;FCEV;0
Germany;2019;FCEV;0
Germany;2020;FCEV;0
Germany;2021;FCEV;0
Germany;2022;FCEV;0
Germany;2023;FCEV;0
Germany;2024;FCEV;0
Germany;2025;FCEV;0
Germany;1970;G-HEV;0
Germany;1971;G-HEV;0
Germany;1972;G-HEV;0
Germany;1973;G-HEV;0
Germany;1974;G-HEV;0
Germany;1975;G-HEV;0
Germany;1976;G-HEV;0
Germany;1977;G-HEV;0
Germany;1978;G-HEV;0
Germany;1979;G-HEV;0
Germany;1980;G-HEV;0
Germany;1981;G-HEV;0
Germany;1982;G-HEV;0
Germany;1983;G-HEV;0
Germany;1984;G-HEV;0
Germany;1985;G-HEV;0
Germany;1986;G-HEV;0
Germany;1987;G-HEV;0
Germany;1988;G-HEV;0
Germany;1989;G-HEV;0
Germany;1990;G-HEV;0
Germany;1991;G-HEV;0
Germany;1992;G-HEV;0
Germany;1993;G-HEV;0
Germany;1994;G-HEV;0
Germany;1995;G-HEV;0
Germany;1996;G-HEV;0
Germany;1997;G-HEV;0
Germany;1998;G-HEV;0
Germany;1999;G-HEV;0
Germany;2000;G-HEV;0
Germany;2001;G-HEV;0
Germany;2002;G-HEV;0
Germany;2003;G-HEV;0
Germany;2004;G-HEV;0
Germany;2005;G-HEV;0
Germany;2006;G-HEV;0
Germany;2007;G-HEV;0
Germany;2008;G-HEV;0
Germany;2009;G-HEV;0
Germany;2010;G-HEV;0
Germany;2011;G-HEV;0
Germany;2012;G-HEV;0
Germany;2013;G-HEV;0
Germany;2014;G-HEV;0
Germany;2015;G-HEV;0
Germany;2016;G-HEV;0
Germany;2017;G-HEV;0
Germany;2018;G-HEV;0
Germany;2019;G-HEV;0
Germany;2020;G-HEV;0
Germany;2021;G-HEV;0
Germany;2022;G-HEV;0
Germany;2023;G-HEV;0
Germany;2024;G-HEV;0
Germany;2025;G-HEV;0
Germany;1970;G-PHEV;0
Germany;1971;G-PHEV;0
Germany;1972;G-PHEV;0
Germany;1973;G-PHEV;0
Germany;1974;G-PHEV;0
Germany;1975;G-PHEV;0
Germany;1976;G-PHEV;0
Germany;1977;G-PHEV;0
Germany;1978;G-PHEV;0
Germany;1979;G-PHEV;0
Germany;1980;G-PHEV;0
Germany;1981;G-PHEV;0
Germany;1982;G-PHEV;0
Germany;1983;G-PHEV;0
Germany;1984;G-PHEV;0
Germany;1985;G-PHEV;0
Germany;1986;G-PHEV;0
Germany;1987;G-PHEV;0
Germany;1988;G-PHEV;0
Germany;1989;G-PHEV;0
Germany;1990;G-PHEV;0
Germany;1991;G-PHEV;0
Germany;1992;G-PHEV;0
Germany;1993;G-PHEV;0
Germany;1994;G-PHEV;0
Germany;1995;G-PHEV;0
Germany;1996;G-PHEV;0
Germany;1997;G-PHEV;0
Germany;1998;G-PHEV;0
Germany;1999;G-PHEV;0
Germany;2000;G-PHEV;0
Germany;2001;G-PHEV;0
Germany;2002;G-PHEV;0
Germany;2003;G-PHEV;0
Germany;2004;G-PHEV;0
Germany;2005;G-PHEV;0
Germany;2006;G-PHEV;0
Germany;2007;G-PHEV;0
Germany;2008;G-PHEV;0
Germany;2009;G-PHEV;0
Germany;2010;G-PHEV;0
Germany;2011;G-PHEV;0
Germany;2012;G-PHEV;0
Germany;2013;G-PHEV;0
Germany;2014;G-PHEV;0
Germany;2015;G-PHEV;0
Germany;2016;G-PHEV;0
Germany;2017;G-PHEV;0
Germany;2018;G-PHEV;0
Germany;2019;G-PHEV;0
Germany;2020;G-PHEV;0
Germany;2021;G-PHEV;0
Germany;2022;G-PHEV;0
Germany;2023;G-PHEV;0
Germany;2024;G-PHEV;0
Germany;2025;G-PHEV;0
Germany;1970;PHEV;0
Germany;1971;PHEV;0
Germany;1972;PHEV;0
Germany;1973;PHEV;0
Germany;1974;PHEV;0
Germany;1975;PHEV;0
Germany;1976;PHEV;0
Germany;1977;PHEV;0
Germany;1978;PHEV;0
Germany;1979;PHEV;0
Germany;1980;PHEV;0
Germany;1981;PHEV;0
Germany;1982;PHEV;0
Germany;1983;PHEV;0
Germany;1984;PHEV;0
Germany;1985;PHEV;0
Germany;1986;PHEV;0
Germany;1987;PHEV;0
Germany;1988;PHEV;0
Germany;1989;PHEV;0
Germany;1990;PHEV;0
Germany;1991;PHEV;0
Germany;1992;PHEV;0
Germany;1993;PHEV;0
Germany;1994;PHEV;0
Germany;1995;PHEV;0
Germany;1996;PHEV;0
Germany;1997;PHEV;0
Germany;1998;PHEV;0
Germany;1999;PHEV;0
Germany;2000;PHEV;0
Germany;2001;PHEV;0
Germany;2002;PHEV;0
Germany;2003;PHEV;0
Germany;2004;PHEV;0
Germany;2005;PHEV;0
Germany;2006;PHEV;0
Germany;2007;PHEV;0
Germany;2008;PHEV;0
Germany;2009;PHEV;0
Germany;2010;PHEV;0
Germany;2011;PHEV;0
Germany;2012;PHEV;0
Germany;2013;PHEV;0
Germany;2014;PHEV;0
Germany;2015;PHEV;0
Germany;2016;PHEV;0
Germany;2017;PHEV;0
Germany;2018;PHEV;0
Germany;2019;PHEV;0
Germany;2020;PHEV;0
Germany;2021;PHEV;0
Germany;2022;PHEV;0
Germany;2023;PHEV;0
Germany;2024;PHEV;0
Germany;2025;PHEV;0
