geo country;vehicle age;survival rate
Austria;1;0,87097244
Austria;2;0,902620278
Austria;3;0,914657224
Austria;4;0,920413121
Austria;5;0,937114967
Austria;6;0,928048969
Austria;7;0,913614741
Austria;8;0,928288087
Austria;9;0,939301389
Austria;10;0,902257682
Austria;11;0,83749522
Austria;12;0,784447463
Austria;13;0,722707297
Austria;14;0,656535197
Austria;15;0,577134311
Austria;16;0,489316181
Austria;17;0,415451787
Austria;18;0,338358022
Austria;19;0,251523499
Austria;20;0,193442933
Austria;21;0,150794192
Austria;22;0,118468581
Austria;23;0,088225299
Austria;24;0,07059496
Austria;25;0,062890901
Austria;26;0,066280789
Austria;27;0,069745285
Austria;28;0,072921232
Austria;29;0,071267241
Austria;30;0,071299802
Austria;31;0,071357425
Austria;32;0,071390575
Austria;33;0,071424517
Austria;34;0,006878945
Austria;35;0
Austria;36;0
Austria;37;0
Austria;38;0
Austria;39;0
Austria;40;0
Austria;41;0
Austria;42;0
Austria;43;0
Austria;44;0
Austria;45;0
Belgium;1;0,919830374
Belgium;2;0,969177379
Belgium;3;0,972895834
Belgium;4;0,84649519
Belgium;5;0,748770661
Belgium;6;0,587832665
Belgium;7;0,583216867
Belgium;8;0,762829222
Belgium;9;0,609636254
Belgium;10;0,512973796
Belgium;11;0,504694495
Belgium;12;0,491989318
Belgium;13;0,442711292
Belgium;14;0,366957919
Belgium;15;0,317044181
Belgium;16;0,230041678
Belgium;17;0,182634866
Belgium;18;0,150798389
Belgium;19;0,147697769
Belgium;20;0,118468825
Belgium;21;0,089224439
Belgium;22;0,064681966
Belgium;23;0,04471745
Belgium;24;0,031536443
Belgium;25;0,022120787
Belgium;26;0,019152803
Belgium;27;0,027282479
Belgium;28;0,029923665
Belgium;29;0,029722196
Belgium;30;0,024855764
Belgium;31;0,023494546
Belgium;32;0,023586261
Belgium;33;0,025510449
Belgium;34;0,021023142
Belgium;35;0,018345206
Belgium;36;0,018249469
Belgium;37;0,01494979
Belgium;38;0,01260893
Belgium;39;0,014269718
Belgium;40;0,017372813
Belgium;41;0,017810012
Belgium;42;0,017658712
Belgium;43;0,017382771
Belgium;44;0,016359476
Belgium;45;0,019595794
Switzerland;1;0,799233397
Switzerland;2;0,970789532
Switzerland;3;0,996089883
Switzerland;4;0,990008189
Switzerland;5;0,965079555
Switzerland;6;1,000774497
Switzerland;7;0,999959541
Switzerland;8;0,961141257
Switzerland;9;0,892273875
Switzerland;10;0,898423084
Switzerland;11;0,832150748
Switzerland;12;0,779325001
Switzerland;13;0,68221074
Switzerland;14;0,601517921
Switzerland;15;0,515155238
Switzerland;16;0,44132812
Switzerland;17;0,374749588
Switzerland;18;0,309338367
Switzerland;19;0,228716142
Switzerland;20;0,169747806
Switzerland;21;0,125640121
Switzerland;22;0,095061106
Switzerland;23;0,069979541
Switzerland;24;0,053787799
Switzerland;25;0,042093828
Switzerland;26;0,036258072
Switzerland;27;0,02858744
Switzerland;28;0,021659798
Switzerland;29;0,016320921
Switzerland;30;0,014886153
Switzerland;31;0,012602858
Switzerland;32;0,010035146
Switzerland;33;0,008377946
Switzerland;34;0,008561956
Switzerland;35;0,009433119
Switzerland;36;0,007056819
Switzerland;37;0,006446736
Switzerland;38;0,007396754
Switzerland;39;0,007028284
Switzerland;40;0,005437092
Switzerland;41;0,004913605
Switzerland;42;0,005117027
Switzerland;43;0,006964362
Switzerland;44;0,010456297
Switzerland;45;0,011618517
Cyprus;1;0,833974976
Cyprus;2;1,031752332
Cyprus;3;1,480353041
Cyprus;4;1,737476941
Cyprus;5;1,11644023
Cyprus;6;1,889055574
Cyprus;7;1,839264374
Cyprus;8;1,737409846
Cyprus;9;1,144137447
Cyprus;10;1,103397459
Cyprus;11;1,225373575
Cyprus;12;1,297709526
Cyprus;13;1,268651399
Cyprus;14;2,725970476
Cyprus;15;1,656962446
Cyprus;16;1,67589916
Cyprus;17;1,692971138
Cyprus;18;1,711921439
Cyprus;19;1,731300785
Cyprus;20;1,754451404
Cyprus;21;1,781151758
Cyprus;22;1,811305675
Cyprus;23;0,970067422
Cyprus;24;0
Cyprus;25;0
Cyprus;26;0
Cyprus;27;0
Cyprus;28;0
Cyprus;29;0
Cyprus;30;0
Cyprus;31;0
Cyprus;32;0
Cyprus;33;0
Cyprus;34;0
Cyprus;35;0
Cyprus;36;0
Cyprus;37;0
Cyprus;38;0
Cyprus;39;0
Cyprus;40;0
Cyprus;41;0
Cyprus;42;0
Cyprus;43;0
Cyprus;44;0
Cyprus;45;0
Czech Republic;1;0,68738472
Czech Republic;2;0,662436053
Czech Republic;3;0,889425627
Czech Republic;4;1,127397776
Czech Republic;5;1,110350614
Czech Republic;6;1,152560566
Czech Republic;7;1,242383417
Czech Republic;8;1,321454419
Czech Republic;9;1,481271883
Czech Republic;10;1,742707972
Czech Republic;11;1,915781493
Czech Republic;12;2,096077754
Czech Republic;13;2,054234782
Czech Republic;14;1,758542522
Czech Republic;15;1,995580492
Czech Republic;16;2,03468493
Czech Republic;17;1,874957124
Czech Republic;18;1,834186222
Czech Republic;19;1,397570047
Czech Republic;20;0,742946581
Czech Republic;21;0,437406633
Czech Republic;22;0,559560765
Czech Republic;23;0,625946125
Czech Republic;24;0,505573126
Czech Republic;25;0,403865151
Czech Republic;26;0,34040512
Czech Republic;27;0,284690563
Czech Republic;28;0,267847648
Czech Republic;29;0,268895677
Czech Republic;30;0,235146926
Czech Republic;31;0,163224498
Czech Republic;32;0,124309917
Czech Republic;33;0,094363614
Czech Republic;34;0,120302401
Czech Republic;35;0,163510318
Czech Republic;36;0,188320686
Czech Republic;37;0,179672126
Czech Republic;38;0,168371546
Czech Republic;39;0,153028434
Czech Republic;40;0,171898911
Czech Republic;41;0,168031102
Czech Republic;42;0,130016789
Czech Republic;43;0,132824346
Czech Republic;44;0,124768262
Czech Republic;45;0,091546057
Germany;1;0,931282533
Germany;2;0,9287985
Germany;3;0,94755255
Germany;4;0,88939352
Germany;5;0,881319213
Germany;6;0,875771434
Germany;7;0,852480232
Germany;8;0,853252609
Germany;9;0,793321122
Germany;10;0,74086094
Germany;11;0,713908836
Germany;12;0,648848247
Germany;13;0,593374425
Germany;14;0,545674338
Germany;15;0,48417073
Germany;16;0,41988163
Germany;17;0,37526829
Germany;18;0,321401482
Germany;19;0,25858575
Germany;20;0,198529326
Germany;21;0,157171254
Germany;22;0,11672869
Germany;23;0,082135121
Germany;24;0,062448735
Germany;25;0,051302971
Germany;26;0,05389836
Germany;27;0,045473156
Germany;28;0,035529039
Germany;29;0,02674702
Germany;30;0,020591264
Germany;31;0,016696955
Germany;32;0,015249273
Germany;33;0,014332863
Germany;34;0,014355684
Germany;35;0,013205526
Germany;36;0,010845222
Germany;37;0,009615087
Germany;38;0,008892277
Germany;39;0,010150853
Germany;40;0,01044177
Germany;41;0,010749854
Germany;42;0,011076671
Germany;43;0,01107554
Germany;44;0,01107441
Germany;45;0,011073279
Denmark;1;0,888930342
Denmark;2;0,863693552
Denmark;3;0,917233253
Denmark;4;0,890568691
Denmark;5;0,923272719
Denmark;6;0,836619669
Denmark;7;0,664399078
Denmark;8;1,210487399
Denmark;9;0,956386107
Denmark;10;0,825327269
Denmark;11;0,791410103
Denmark;12;0,675604733
Denmark;13;0,620272068
Denmark;14;0,879472752
Denmark;15;0,590512375
Denmark;16;0,732546767
Denmark;17;0,655610606
Denmark;18;0,47575434
Denmark;19;0,290499143
Denmark;20;0,225363188
Denmark;21;0,157983738
Denmark;22;0,133525407
Denmark;23;0,062441544
Denmark;24;0,092003314
Denmark;25;0,068683594
Denmark;26;0,069248938
Denmark;27;0,071811176
Denmark;28;0,073993346
Denmark;29;0,065393714
Denmark;30;0,046692513
Denmark;31;0,034249404
Denmark;32;0,036826279
Denmark;33;0,043166912
Denmark;34;0,049894281
Denmark;35;0,066294789
Denmark;36;0
Denmark;37;0
Denmark;38;0
Denmark;39;0
Denmark;40;0
Denmark;41;0
Denmark;42;0
Denmark;43;0
Denmark;44;0
Denmark;45;0
Spain;1;1,029105264
Spain;2;0,983162385
Spain;3;0,942991297
Spain;4;0,899665001
Spain;5;0,867529364
Spain;6;0,874329714
Spain;7;0,915051196
Spain;8;0,945088647
Spain;9;0,877757549
Spain;10;0,88470401
Spain;11;0,89218516
Spain;12;0,946281486
Spain;13;0,898572847
Spain;14;0,845196725
Spain;15;0,769378854
Spain;16;0,726241308
Spain;17;0,659603289
Spain;18;0,588851453
Spain;19;0,500329551
Spain;20;0,416925509
Spain;21;0,337324135
Spain;22;0,27323762
Spain;23;0,246491631
Spain;24;0,217112223
Spain;25;0,183085483
Spain;26;0,158653548
Spain;27;0,138237348
Spain;28;0,142569564
Spain;29;0,125355657
Spain;30;0,104538123
Spain;31;0,075732033
Spain;32;0,0631243
Spain;33;0,05853425
Spain;34;0,065402976
Spain;35;0,067622701
Spain;36;0,068328482
Spain;37;0,079925691
Spain;38;0,087839254
Spain;39;0,093587016
Spain;40;0,094953116
Spain;41;0,092215256
Spain;42;0,090136027
Spain;43;0,097402805
Spain;44;0,116599598
Spain;45;0,108207836
Estonia;1;0,904801109
Estonia;2;0,924135967
Estonia;3;0,968251715
Estonia;4;1,049352628
Estonia;5;1,157263461
Estonia;6;1,255111007
Estonia;7;1,49665016
Estonia;8;1,469742662
Estonia;9;1,364050427
Estonia;10;1,35942554
Estonia;11;1,402688003
Estonia;12;1,575573996
Estonia;13;1,812886036
Estonia;14;1,809529828
Estonia;15;1,839806816
Estonia;16;1,982763999
Estonia;17;2,531445313
Estonia;18;3,76544289
Estonia;19;2,986904762
Estonia;20;2,49872989
Estonia;21;4,668065371
Estonia;22;1,423801246
Estonia;23;1,308074711
Estonia;24;1,192587966
Estonia;25;1,268550998
Estonia;26;1,051381548
Estonia;27;0,761653533
Estonia;28;0,676291284
Estonia;29;0,646852911
Estonia;30;0,573260073
Estonia;31;0,515520306
Estonia;32;0,436488812
Estonia;33;0,363567073
Estonia;34;0,338006556
Estonia;35;0,214611872
Estonia;36;0,147679026
Estonia;37;0,126033058
Estonia;38;0,106933104
Estonia;39;0,08573487
Estonia;40;0,081977926
Estonia;41;0,080201784
Estonia;42;0,081608603
Estonia;43;0,078728461
Estonia;44;0,070143885
Estonia;45;0,051408237
Finland;1;0,763571429
Finland;2;0,848288792
Finland;3;0,885057796
Finland;4;0,859565007
Finland;5;0,793359161
Finland;6;0,690746335
Finland;7;0,837560732
Finland;8;1,188497803
Finland;9;0,684611474
Finland;10;0,636121903
Finland;11;0,824735758
Finland;12;0,755792685
Finland;13;0,870886555
Finland;14;0,82630847
Finland;15;0,987900952
Finland;16;1,058814929
Finland;17;0,676686255
Finland;18;0,603107303
Finland;19;0,737942442
Finland;20;0,853110318
Finland;21;0,800793071
Finland;22;0,750594568
Finland;23;0,758470856
Finland;24;0,759438355
Finland;25;0,50044495
Finland;26;0,300297346
Finland;27;0,231737401
Finland;28;0,209354687
Finland;29;0,262887638
Finland;30;0,315923979
Finland;31;0,280913237
Finland;32;0,215162779
Finland;33;0,180777347
Finland;34;0,145097284
Finland;35;0,097026005
Finland;36;0,089722333
Finland;37;0,069546248
Finland;38;0,045355916
Finland;39;0,049542126
Finland;40;0,043272114
Finland;41;0,032404597
Finland;42;0,027548186
Finland;43;0,030905858
Finland;44;0,028802995
Finland;45;0,033840696
France;1;1,022438725
France;2;1,075691234
France;3;1,092199529
France;4;1,09773403
France;5;1,038585083
France;6;1,063432007
France;7;1,039731498
France;8;1,012776051
France;9;1,120820882
France;10;1,113079263
France;11;1,148684686
France;12;1,111331959
France;13;1,141177797
France;14;1,143712617
France;15;0,722587737
France;16;0
France;17;0
France;18;0
France;19;0
France;20;0
France;21;0
France;22;0
France;23;0
France;24;0
France;25;0
France;26;0
France;27;0
France;28;0
France;29;0
France;30;0
France;31;0
France;32;0
France;33;0
France;34;0
France;35;0
France;36;0
France;37;0
France;38;0
France;39;0
France;40;0
France;41;0
France;42;0
France;43;0
France;44;0
France;45;0
Greece;1;1,278728265
Greece;2;1,142098362
Greece;3;1,103827143
Greece;4;1,296527387
Greece;5;1,24751711
Greece;6;0,657654887
Greece;7;0,477061156
Greece;8;0,501693976
Greece;9;0,54697681
Greece;10;0,787067921
Greece;11;1,046167938
Greece;12;1,175817149
Greece;13;1,048207347
Greece;14;1,15366351
Greece;15;1,149573736
Greece;16;0,937736342
Greece;17;0,902752841
Greece;18;1,00453793
Greece;19;1,470813014
Greece;20;1,388594705
Greece;21;1,037974221
Greece;22;0,939954892
Greece;23;0,884566525
Greece;24;0,553688028
Greece;25;0,34078712
Greece;26;0,500629268
Greece;27;0,913922493
Greece;28;1,004728822
Greece;29;1,095758332
Greece;30;0,891210075
Greece;31;0,49151398
Greece;32;0,389028956
Greece;33;0,36245376
Greece;34;0,419736767
Greece;35;0,31515372
Greece;36;0,272382419
Greece;37;0,331777386
Greece;38;0,208862313
Greece;39;0,175064696
Greece;40;0,405094412
Greece;41;0,546617166
Greece;42;0,52044942
Greece;43;0,358788677
Greece;44;0,093227792
Greece;45;0,0000105
Croatia;1;0,941436539
Croatia;2;1,162620748
Croatia;3;1,222631176
Croatia;4;1,493525646
Croatia;5;1,324075255
Croatia;6;1,241019225
Croatia;7;1,33666779
Croatia;8;1,148270181
Croatia;9;0,584353934
Croatia;10;1,190710345
Croatia;11;1,191012793
Croatia;12;1,191452991
Croatia;13;1,192885887
Croatia;14;1,19296866
Croatia;15;1,192941068
Croatia;16;1,195734322
Croatia;17;1,141939912
Croatia;18;1,134455075
Croatia;19;1,132114401
Croatia;20;1,133059467
Croatia;21;1,121163377
Croatia;22;1,102447366
Croatia;23;1,105708834
Croatia;24;1,127412621
Croatia;25;1,117568036
Croatia;26;1,074027029
Croatia;27;1,07620081
Croatia;28;1,078586366
Croatia;29;1,081662612
Croatia;30;1,08564693
Croatia;31;0,656296891
Croatia;32;0
Croatia;33;0
Croatia;34;0
Croatia;35;0
Croatia;36;0
Croatia;37;0
Croatia;38;0
Croatia;39;0
Croatia;40;0
Croatia;41;0
Croatia;42;0
Croatia;43;0
Croatia;44;0
Croatia;45;0
Hungary;1;0,816945152
Hungary;2;1,096269711
Hungary;3;1,036002126
Hungary;4;1,201435262
Hungary;5;1,252049682
Hungary;6;1,591517758
Hungary;7;1,717905095
Hungary;8;1,104180469
Hungary;9;0,426088714
Hungary;10;0,931376715
Hungary;11;1,05388827
Hungary;12;1,03941118
Hungary;13;1,073699994
Hungary;14;1,204876771
Hungary;15;1,402943254
Hungary;16;1,419016818
Hungary;17;1,358386842
Hungary;18;1,330059441
Hungary;19;0,975967516
Hungary;20;0,774546055
Hungary;21;0,567208335
Hungary;22;0,536264191
Hungary;23;0,362255543
Hungary;24;0,388704642
Hungary;25;0,29218127
Hungary;26;0,198424404
Hungary;27;0,141653013
Hungary;28;0,177750691
Hungary;29;0,119523852
Hungary;30;0,070935733
Hungary;31;0,064738879
Hungary;32;0,058070157
Hungary;33;0,053650283
Hungary;34;0,042181258
Hungary;35;0,030418273
Hungary;36;0,025070817
Hungary;37;0,019999412
Hungary;38;0,018624659
Hungary;39;0,015363648
Hungary;40;0,011228498
Hungary;41;0,008777833
Hungary;42;0,005739276
Hungary;43;0,005670041
Hungary;44;0,006866621
Hungary;45;0,005318601
Ireland;1;0,863137722
Ireland;2;1,308034019
Ireland;3;1,505646323
Ireland;4;1,581151539
Ireland;5;1,401004511
Ireland;6;1,361374408
Ireland;7;1,334283392
Ireland;8;1,496123604
Ireland;9;1,116774766
Ireland;10;0,982025294
Ireland;11;0,919525835
Ireland;12;0,825993865
Ireland;13;0,721642664
Ireland;14;0,599040506
Ireland;15;0,479782038
Ireland;16;0,348360554
Ireland;17;0,265584701
Ireland;18;0,351264076
Ireland;19;0,045215031
Ireland;20;0
Ireland;21;0
Ireland;22;0
Ireland;23;0
Ireland;24;0
Ireland;25;0
Ireland;26;0
Ireland;27;0
Ireland;28;0
Ireland;29;0
Ireland;30;0
Ireland;31;0
Ireland;32;0
Ireland;33;0
Ireland;34;0
Ireland;35;0
Ireland;36;0
Ireland;37;0
Ireland;38;0
Ireland;39;0
Ireland;40;0
Ireland;41;0
Ireland;42;0
Ireland;43;0
Ireland;44;0
Ireland;45;0
Iceland;1;1,09272993
Iceland;2;1,773629355
Iceland;3;2,319117647
Iceland;4;2,212262854
Iceland;5;1,41815889
Iceland;6;1,710797936
Iceland;7;2,965550547
Iceland;8;2,749645054
Iceland;9;0,392782021
Iceland;10;0,140132982
Iceland;11;0,54118746
Iceland;12;0,898947951
Iceland;13;1,446858289
Iceland;14;1,796762772
Iceland;15;1,678237073
Iceland;16;1,175983437
Iceland;17;0,387500921
Iceland;18;0,289913507
Iceland;19;0,436474656
Iceland;20;0,501872659
Iceland;21;0,437950759
Iceland;22;0,33756581
Iceland;23;0,124832215
Iceland;24;0,085714286
Iceland;25;0,064970646
Iceland;26;0,061183949
Iceland;27;0,068195474
Iceland;28;0,077978412
Iceland;29;0,052971974
Iceland;30;0,038305402
Iceland;31;0,046374987
Iceland;32;0,052598226
Iceland;33;0,033574931
Iceland;34;0,021903323
Iceland;35;0,017075306
Iceland;36;0,015403369
Iceland;37;0,015117581
Iceland;38;0,014827391
Iceland;39;0,013931712
Iceland;40;0,012876523
Iceland;41;0,013444599
Iceland;42;0,013134748
Iceland;43;0,006896552
Iceland;44;0,005904326
Iceland;45;0,01274666
Italy;1;1,044630424
Italy;2;1,047926526
Italy;3;1,028976827
Italy;4;1,002582688
Italy;5;0,973701295
Italy;6;0,96750957
Italy;7;0,968099562
Italy;8;0,961277341
Italy;9;0,930783364
Italy;10;0,927677753
Italy;11;0,899139014
Italy;12;0,857547854
Italy;13;0,816927262
Italy;14;0,758822295
Italy;15;0,68221871
Italy;16;0,612746286
Italy;17;0,548305341
Italy;18;0,446493974
Italy;19;0,379036335
Italy;20;0,328222636
Italy;21;0,45593886
Italy;22;0,452266641
Italy;23;0,46662612
Italy;24;0,463429885
Italy;25;0,328801224
Italy;26;0,353838927
Italy;27;0,344069841
Italy;28;0,027560276
Italy;29;0
Italy;30;0
Italy;31;0
Italy;32;0
Italy;33;0
Italy;34;0
Italy;35;0
Italy;36;0
Italy;37;0
Italy;38;0
Italy;39;0
Italy;40;0
Italy;41;0
Italy;42;0
Italy;43;0
Italy;44;0
Italy;45;0
Liechtenstein;1;0,83266129
Liechtenstein;2;1,028794534
Liechtenstein;3;1,100555556
Liechtenstein;4;1,0265625
Liechtenstein;5;1,025142315
Liechtenstein;6;1,084770823
Liechtenstein;7;1,072390572
Liechtenstein;8;0,986419753
Liechtenstein;9;0,875810474
Liechtenstein;10;0,883417085
Liechtenstein;11;0,872486772
Liechtenstein;12;0,799456522
Liechtenstein;13;0,746927374
Liechtenstein;14;0,626553672
Liechtenstein;15;0,495660559
Liechtenstein;16;0,450363196
Liechtenstein;17;0,411977284
Liechtenstein;18;0,33996589
Liechtenstein;19;0,245787333
Liechtenstein;20;0,139099942
Liechtenstein;21;0,118893467
Liechtenstein;22;0,08912656
Liechtenstein;23;0,049819928
Liechtenstein;24;0,045703839
Liechtenstein;25;0,034055728
Liechtenstein;26;0,032601881
Liechtenstein;27;0,022378517
Liechtenstein;28;0,025177534
Liechtenstein;29;0,015758372
Liechtenstein;30;0,02124834
Liechtenstein;31;0,009408602
Liechtenstein;32;0,008867667
Liechtenstein;33;0,008922443
Liechtenstein;34;0,006206897
Liechtenstein;35;0,016016713
Liechtenstein;36;0,009379509
Liechtenstein;37;0,014809591
Liechtenstein;38;0,011494253
Liechtenstein;39;0,012518409
Liechtenstein;40;0,009789157
Liechtenstein;41;0,009118541
Liechtenstein;42;0,009195402
Liechtenstein;43;0,012578616
Liechtenstein;44;0,013798701
Liechtenstein;45;0,01582015
Lithuania;1;1,748866101
Lithuania;2;1,674360026
Lithuania;3;1,694073716
Lithuania;4;2,146838773
Lithuania;5;2,28458693
Lithuania;6;2,383859755
Lithuania;7;3,331242158
Lithuania;8;4,193612774
Lithuania;9;2,805374263
Lithuania;10;3,611728224
Lithuania;11;5,449206126
Lithuania;12;7,75379765
Lithuania;13;8,990308648
Lithuania;14;11,0852446
Lithuania;15;6,080091029
Lithuania;16;5,776363636
Lithuania;17;5,709870749
Lithuania;18;5,658372176
Lithuania;19;4,640324648
Lithuania;20;3,436316087
Lithuania;21;2,764082778
Lithuania;22;2,046084233
Lithuania;23;1,659988947
Lithuania;24;1,154537965
Lithuania;25;1,178253729
Lithuania;26;0,85421662
Lithuania;27;0,544524545
Lithuania;28;0,363906142
Lithuania;29;0,259453049
Lithuania;30;0,176594995
Lithuania;31;0,101716646
Lithuania;32;0,061951991
Lithuania;33;0,045724638
Lithuania;34;0,038143953
Lithuania;35;0,031445615
Lithuania;36;0,027938343
Lithuania;37;0,022498696
Lithuania;38;0,020713378
Lithuania;39;0,014383613
Lithuania;40;0,012974203
Lithuania;41;0,009563155
Lithuania;42;0,008020359
Lithuania;43;0,005213196
Lithuania;44;0,005418139
Lithuania;45;0,004282655
Luxembourg;1;0,979351674
Luxembourg;2;1,182772793
Luxembourg;3;0,942923704
Luxembourg;4;0,881734729
Luxembourg;5;0,632029049
Luxembourg;6;0,5484453
Luxembourg;7;0,48720991
Luxembourg;8;0,449559919
Luxembourg;9;0,331213354
Luxembourg;10;0,272636952
Luxembourg;11;0,22865236
Luxembourg;12;0,200960488
Luxembourg;13;0,160778704
Luxembourg;14;0,15169647
Luxembourg;15;0,115729327
Luxembourg;16;0,093619406
Luxembourg;17;0,074875883
Luxembourg;18;0,065248542
Luxembourg;19;0,057225562
Luxembourg;20;0,051435483
Luxembourg;21;0,037632079
Luxembourg;22;0,036283849
Luxembourg;23;0,024987953
Luxembourg;24;0,018976011
Luxembourg;25;0,014142605
Luxembourg;26;0,01071388
Luxembourg;27;0,012911406
Luxembourg;28;0,013437264
Luxembourg;29;0,010281561
Luxembourg;30;0,007899571
Luxembourg;31;0,006614078
Luxembourg;32;0,006601676
Luxembourg;33;0,005245305
Luxembourg;34;0,005626463
Luxembourg;35;0,005000775
Luxembourg;36;0,004998261
Luxembourg;37;0,003877005
Luxembourg;38;0,003202316
Luxembourg;39;0,004063407
Luxembourg;40;0,004055033
Luxembourg;41;0,003729775
Luxembourg;42;0,003629869
Luxembourg;43;0,00331705
Luxembourg;44;0,00413845
Luxembourg;45;0,004536963
Latvia;1;0,754472805
Latvia;2;0,783360157
Latvia;3;0,855158278
Latvia;4;1,014420509
Latvia;5;1,237689479
Latvia;6;1,313091483
Latvia;7;1,776548333
Latvia;8;2,257979722
Latvia;9;1,469247832
Latvia;10;1,35237285
Latvia;11;1,628728775
Latvia;12;2,429870211
Latvia;13;4,167012335
Latvia;14;5,483870968
Latvia;15;5,53105255
Latvia;16;5,471921182
Latvia;17;6,116630307
Latvia;18;6,724635101
Latvia;19;4,77336654
Latvia;20;5,756401692
Latvia;21;2,029765725
Latvia;22;1,622533872
Latvia;23;1,472473487
Latvia;24;1,073869732
Latvia;25;1,048579354
Latvia;26;0,787790698
Latvia;27;0,529778702
Latvia;28;0,423665824
Latvia;29;0,372843211
Latvia;30;0,269513768
Latvia;31;0,179785605
Latvia;32;0,137383394
Latvia;33;0,098363199
Latvia;34;0,057928019
Latvia;35;0,035164835
Latvia;36;0,022061141
Latvia;37;0,01966514
Latvia;38;0,01955042
Latvia;39;0,013909864
Latvia;40;0,017434421
Latvia;41;0,015917678
Latvia;42;0,017565161
Latvia;43;0,014044256
Latvia;44;0,012193113
Latvia;45;0,008884092
Malta;1;1,74404599
Malta;2;1,029584969
Malta;3;1,138273136
Malta;4;1,277265611
Malta;5;2,258667573
Malta;6;2,088965734
Malta;7;2,906824147
Malta;8;2,459289415
Malta;9;3,004068716
Malta;10;2,199475066
Malta;11;2,001364722
Malta;12;2,067312775
Malta;13;2,173397555
Malta;14;2,190440627
Malta;15;2,205263158
Malta;16;2,223232897
Malta;17;2,238504102
Malta;18;2,252255711
Malta;19;2,265302182
Malta;20;0,982302606
Malta;21;0,990198
Malta;22;0,995270936
Malta;23;1,003975353
Malta;24;1,014053403
Malta;25;1,024335835
Malta;26;1,035253126
Malta;27;1,063144601
Malta;28;1,073538789
Malta;29;1,083905579
Malta;30;0,167854828
Malta;31;0,169060052
Malta;32;0,173592493
Malta;33;0,175078864
Malta;34;0,173670094
Malta;35;0,180153026
Malta;36;0,181245626
Malta;37;0,182823529
Malta;38;0,185088137
Malta;39;0,186554622
Malta;40;0,1067607
Malta;41;0,106218243
Malta;42;0,107862408
Malta;43;0,107782961
Malta;44;0,107703631
Malta;45;0,107624418
Netherlands;1;0,959353334
Netherlands;2;1,042347265
Netherlands;3;1,05703994
Netherlands;4;1,038790416
Netherlands;5;0,989326386
Netherlands;6;0,976333724
Netherlands;7;0,985180227
Netherlands;8;0,966027769
Netherlands;9;0,87825313
Netherlands;10;0,859478485
Netherlands;11;0,931681677
Netherlands;12;0,888876946
Netherlands;13;0,83771764
Netherlands;14;0,782229021
Netherlands;15;0,712773914
Netherlands;16;0,616835789
Netherlands;17;0,551270617
Netherlands;18;0,454625549
Netherlands;19;0,340516654
Netherlands;20;0,256446548
Netherlands;21;0,176691856
Netherlands;22;0,122899809
Netherlands;23;0,085498706
Netherlands;24;0,063370363
Netherlands;25;0,047265077
Netherlands;26;0,03876476
Netherlands;27;0,028543636
Netherlands;28;0,021188636
Netherlands;29;0,018265039
Netherlands;30;0,019580993
Netherlands;31;0,033150167
Netherlands;32;0,026052994
Netherlands;33;0,024094532
Netherlands;34;0,024668448
Netherlands;35;0,021794094
Netherlands;36;0,01800046
Netherlands;37;0,015680257
Netherlands;38;0,016349627
Netherlands;39;0,015547125
Netherlands;40;0,014853875
Netherlands;41;0,013960047
Netherlands;42;0,016975
Netherlands;43;0,023568432
Netherlands;44;0,029674529
Netherlands;45;0,028728277
Norway;1;0,99818891
Norway;2;1,045511859
Norway;3;1,0561504
Norway;4;1,068230262
Norway;5;1,125667732
Norway;6;1,143662583
Norway;7;1,142336052
Norway;8;1,161479605
Norway;9;1,161548406
Norway;10;1,171817795
Norway;11;1,224771903
Norway;12;1,215573166
Norway;13;1,170789917
Norway;14;1,150065057
Norway;15;1,018868137
Norway;16;0,980046999
Norway;17;0,816669405
Norway;18;0,695383005
Norway;19;0,495520313
Norway;20;0,387828116
Norway;21;0,267732851
Norway;22;0,253475061
Norway;23;0,189579978
Norway;24;0,185738713
Norway;25;0,163668216
Norway;26;0,153334316
Norway;27;0,109222791
Norway;28;0,049696281
Norway;29;0,045800993
Norway;30;0,060193811
Norway;31;0,080981566
Norway;32;0,073004072
Norway;33;0,047325444
Norway;34;0,049918109
Norway;35;0,042529366
Norway;36;0,034349183
Norway;37;0,032243361
Norway;38;0,039672703
Norway;39;0,038731884
Norway;40;0,043286894
Norway;41;0,034846473
Norway;42;0,033009804
Norway;43;0,035085343
Norway;44;0,045776742
Norway;45;0,04071285
Poland;1;0,76368766
Poland;2;1,015657441
Poland;3;1,01082973
Poland;4;1,049494159
Poland;5;1,282132891
Poland;6;1,457767269
Poland;7;1,279403524
Poland;8;1,590945623
Poland;9;1,997816348
Poland;10;2,634188453
Poland;11;3,251824428
Poland;12;3,793741274
Poland;13;3,165119687
Poland;14;3,198208439
Poland;15;3,091135915
Poland;16;3,099789239
Poland;17;3,57178929
Poland;18;4,02729585
Poland;19;3,45771832
Poland;20;3,198967397
Poland;21;3,201451736
Poland;22;3,203840335
Poland;23;3,210149617
Poland;24;3,217387534
Poland;25;3,226531464
Poland;26;3,23718432
Poland;27;3,249500767
Poland;28;3,262691534
Poland;29;2,504966811
Poland;30;0
Poland;31;0
Poland;32;0
Poland;33;0
Poland;34;0
Poland;35;0
Poland;36;0
Poland;37;0
Poland;38;0
Poland;39;0
Poland;40;0
Poland;41;0
Poland;42;0
Poland;43;0
Poland;44;0
Poland;45;0
Portugal;1;1,004557951
Portugal;2;0,999014022
Portugal;3;1,026486774
Portugal;4;1,148204794
Portugal;5;1,290623131
Portugal;6;1,177687674
Portugal;7;1,014754054
Portugal;8;1,046027339
Portugal;9;1,046098909
Portugal;10;1,016406033
Portugal;11;1,008366632
Portugal;12;1,017613614
Portugal;13;1,061185459
Portugal;14;1,065966953
Portugal;15;1,046879147
Portugal;16;1,01637475
Portugal;17;1,078643013
Portugal;18;0,982380727
Portugal;19;0,924834338
Portugal;20;0,828025239
Portugal;21;0,690821899
Portugal;22;0,582356766
Portugal;23;0,493061876
Portugal;24;0,387977962
Portugal;25;0,302445735
Portugal;26;0,236688047
Portugal;27;0,19719425
Portugal;28;0,137154633
Portugal;29;0,116891148
Portugal;30;0,070000465
Portugal;31;0,051729904
Portugal;32;0,034773651
Portugal;33;0,020652345
Portugal;34;0,016604725
Portugal;35;0,014512429
Portugal;36;0,010702934
Portugal;37;0,007208428
Portugal;38;0,006566592
Portugal;39;0,005855083
Portugal;40;0,00479534
Portugal;41;0,009466068
Portugal;42;0,011491614
Portugal;43;0,01603094
Portugal;44;0,014892058
Portugal;45;0,014534283
Romania;1;0,916191257
Romania;2;1,074271635
Romania;3;1,162166014
Romania;4;1,413431542
Romania;5;1,227812655
Romania;6;2,864940809
Romania;7;2,462553031
Romania;8;2,021063518
Romania;9;0,821213204
Romania;10;0,750208743
Romania;11;1,171723228
Romania;12;1,306203385
Romania;13;1,570795097
Romania;14;2,025759971
Romania;15;2,639621792
Romania;16;2,702125943
Romania;17;3,338800615
Romania;18;1,430835972
Romania;19;1,428447861
Romania;20;1,424923894
Romania;21;1,420246495
Romania;22;1,416728591
Romania;23;1,414515273
Romania;24;1,412615131
Romania;25;1,410669169
Romania;26;1,387417023
Romania;27;0,761203824
Romania;28;0
Romania;29;0
Romania;30;0
Romania;31;0
Romania;32;0
Romania;33;0
Romania;34;0
Romania;35;0
Romania;36;0
Romania;37;0
Romania;38;0
Romania;39;0
Romania;40;0
Romania;41;0
Romania;42;0
Romania;43;0
Romania;44;0
Romania;45;0
Slovakia;1;0,903981741
Slovakia;2;1,023356357
Slovakia;3;1,801737966
Slovakia;4;1,973115816
Slovakia;5;1,858269076
Slovakia;6;1,561638663
Slovakia;7;1,660941554
Slovakia;8;1,437070694
Slovakia;9;1,899660825
Slovakia;10;1,79134114
Slovakia;11;1,636823039
Slovakia;12;1,811559778
Slovakia;13;1,865972584
Slovakia;14;1,860999585
Slovakia;15;1,690312642
Slovakia;16;1,690365783
Slovakia;17;1,684144584
Slovakia;18;1,685807898
Slovakia;19;1,687580427
Slovakia;20;1,080526258
Slovakia;21;0
Slovakia;22;0
Slovakia;23;0
Slovakia;24;0
Slovakia;25;0
Slovakia;26;0
Slovakia;27;0
Slovakia;28;0
Slovakia;29;0
Slovakia;30;0
Slovakia;31;0
Slovakia;32;0
Slovakia;33;0
Slovakia;34;0
Slovakia;35;0
Slovakia;36;0
Slovakia;37;0
Slovakia;38;0
Slovakia;39;0
Slovakia;40;0
Slovakia;41;0
Slovakia;42;0
Slovakia;43;0
Slovakia;44;0
Slovakia;45;0
Slovenia;1;0,64113926
Slovenia;2;0,688139596
Slovenia;3;0,797747674
Slovenia;4;0,834851152
Slovenia;5;0,871134535
Slovenia;6;1,114332231
Slovenia;7;1,097036407
Slovenia;8;1,158142828
Slovenia;9;0,934934419
Slovenia;10;0,97734227
Slovenia;11;0,821302381
Slovenia;12;0,814017805
Slovenia;13;0,788145261
Slovenia;14;0,824282897
Slovenia;15;0,973044346
Slovenia;16;0,946908551
Slovenia;17;0,900195447
Slovenia;18;0,643247857
Slovenia;19;0,739914916
Slovenia;20;0,797508537
Slovenia;21;0,782540496
Slovenia;22;0
Slovenia;23;0
Slovenia;24;0
Slovenia;25;0
Slovenia;26;0
Slovenia;27;0
Slovenia;28;0
Slovenia;29;0
Slovenia;30;0
Slovenia;31;0
Slovenia;32;0
Slovenia;33;0
Slovenia;34;0
Slovenia;35;0
Slovenia;36;0
Slovenia;37;0
Slovenia;38;0
Slovenia;39;0
Slovenia;40;0
Slovenia;41;0
Slovenia;42;0
Slovenia;43;0
Slovenia;44;0
Slovenia;45;0
Sweden;1;0,747653887
Sweden;2;0,948998574
Sweden;3;0,960480082
Sweden;4;0,914793848
Sweden;5;0,890496215
Sweden;6;0,943324896
Sweden;7;0,94901686
Sweden;8;0,849030964
Sweden;9;0,882405052
Sweden;10;0,88387837
Sweden;11;0,864032451
Sweden;12;0,852187925
Sweden;13;0,804893925
Sweden;14;0,763489353
Sweden;15;0,704390213
Sweden;16;0,617241393
Sweden;17;0,605677919
Sweden;18;0,642234182
Sweden;19;0,748210551
Sweden;20;0,841767179
Sweden;21;0,918061147
Sweden;22;0
Sweden;23;0
Sweden;24;0
Sweden;25;0
Sweden;26;0
Sweden;27;0
Sweden;28;0
Sweden;29;0
Sweden;30;0
Sweden;31;0
Sweden;32;0
Sweden;33;0
Sweden;34;0
Sweden;35;0
Sweden;36;0
Sweden;37;0
Sweden;38;0
Sweden;39;0
Sweden;40;0
Sweden;41;0
Sweden;42;0
Sweden;43;0
Sweden;44;0
Sweden;45;0
United Kingdom;1;0,953330491
United Kingdom;2;0,956883284
United Kingdom;3;0,951988645
United Kingdom;4;0,919181786
United Kingdom;5;0,918766375
United Kingdom;6;0,904995382
United Kingdom;7;0,895986205
United Kingdom;8;0,887129267
United Kingdom;9;0,854880042
United Kingdom;10;0,843719673
United Kingdom;11;0,800202912
United Kingdom;12;0,73285918
United Kingdom;13;0,653137634
United Kingdom;14;0,567341851
United Kingdom;15;0,46598984
United Kingdom;16;0,3367551
United Kingdom;17;0,231034312
United Kingdom;18;0,151167971
United Kingdom;19;0,092427126
United Kingdom;20;0,062245563
United Kingdom;21;0,040618134
United Kingdom;22;0,028776076
United Kingdom;23;0,019597233
United Kingdom;24;0,015078502
United Kingdom;25;0,012465487
United Kingdom;26;0,012003195
United Kingdom;27;0,009807689
United Kingdom;28;0,006936559
United Kingdom;29;0,004932675
United Kingdom;30;0,003985318
United Kingdom;31;0,003385692
United Kingdom;32;0,00298624
United Kingdom;33;0,002425378
United Kingdom;34;0,002340869
United Kingdom;35;0,001963647
United Kingdom;36;0,002125247
United Kingdom;37;0,002531187
United Kingdom;38;0,002441005
United Kingdom;39;0,002522448
United Kingdom;40;0,002258881
United Kingdom;41;0,002228505
United Kingdom;42;0,003866503
United Kingdom;43;0,005791682
United Kingdom;44;0,009830855
United Kingdom;45;0,0120747
